<?xml version="1.0" encoding="UTF-8"?>
<gpx creator="fabulator:gpx-builder" version="1.1" xmlns="http://www.topografix.com/GPX/1/1" xmlns:xsi="http://www.w3.org/2001/XMLSchema-instance" xsi:schemaLocation="http://www.topografix.com/GPX/1/1 https://www.topografix.com/GPX/1/1/gpx.xsd">
  <metadata>
    <name>Fra Gjendesheim til Glitterheim </name>
    <copyright author="UT.no">
      <year>2026</year>
      <license>http://creativecommons.org/licenses/by-nc/4.0/deed.no</license>
    </copyright>
    <link href="https://ut.no"></link>
  </metadata>
  <trk>
    <trkseg>
      <trkpt lat="61.6228946707447" lon="8.63288760293259">
        <ele>1386</ele>
        <time>2026-09-16T09:41:47.431Z</time>
      </trkpt>
      <trkpt lat="61.6228667617998" lon="8.63421802693696">
        <ele>1380</ele>
        <time>2026-09-16T09:41:47.431Z</time>
      </trkpt>
      <trkpt lat="61.6228636406313" lon="8.63472961320251">
        <ele>1379</ele>
        <time>2026-09-16T09:41:47.431Z</time>
      </trkpt>
      <trkpt lat="61.622856139524" lon="8.63514748323984">
        <ele>1378</ele>
        <time>2026-09-16T09:41:47.431Z</time>
      </trkpt>
      <trkpt lat="61.622895539391" lon="8.63599093048343">
        <ele>1379</ele>
        <time>2026-09-16T09:41:47.431Z</time>
      </trkpt>
      <trkpt lat="61.6229476929141" lon="8.6365289692642">
        <ele>1379</ele>
        <time>2026-09-16T09:41:47.431Z</time>
      </trkpt>
      <trkpt lat="61.622982168973" lon="8.63688141506577">
        <ele>1378</ele>
        <time>2026-09-16T09:41:47.431Z</time>
      </trkpt>
      <trkpt lat="61.6230759640688" lon="8.63773257923292">
        <ele>1374</ele>
        <time>2026-09-16T09:41:47.431Z</time>
      </trkpt>
      <trkpt lat="61.6231041408977" lon="8.63814309722563">
        <ele>1374</ele>
        <time>2026-09-16T09:41:47.431Z</time>
      </trkpt>
      <trkpt lat="61.6231778005635" lon="8.63856316673467">
        <ele>1374</ele>
        <time>2026-09-16T09:41:47.431Z</time>
      </trkpt>
      <trkpt lat="61.6232427079554" lon="8.63879580213494">
        <ele>1374</ele>
        <time>2026-09-16T09:41:47.431Z</time>
      </trkpt>
      <trkpt lat="61.6233368344064" lon="8.63926842944411">
        <ele>1375</ele>
        <time>2026-09-16T09:41:47.431Z</time>
      </trkpt>
      <trkpt lat="61.6233658816712" lon="8.63969769628048">
        <ele>1375</ele>
        <time>2026-09-16T09:41:47.431Z</time>
      </trkpt>
      <trkpt lat="61.6233585377648" lon="8.63992629738416">
        <ele>1375</ele>
        <time>2026-09-16T09:41:47.431Z</time>
      </trkpt>
      <trkpt lat="61.6232607548404" lon="8.64053308564445">
        <ele>1375</ele>
        <time>2026-09-16T09:41:47.431Z</time>
      </trkpt>
      <trkpt lat="61.623242564545" lon="8.64091531121214">
        <ele>1375</ele>
        <time>2026-09-16T09:41:47.431Z</time>
      </trkpt>
      <trkpt lat="61.6232821024561" lon="8.64253462269444">
        <ele>1373</ele>
        <time>2026-09-16T09:41:47.431Z</time>
      </trkpt>
      <trkpt lat="61.6231703049777" lon="8.64380661866137">
        <ele>1370</ele>
        <time>2026-09-16T09:41:47.431Z</time>
      </trkpt>
      <trkpt lat="61.6231120460501" lon="8.64410247086975">
        <ele>1370</ele>
        <time>2026-09-16T09:41:47.431Z</time>
      </trkpt>
      <trkpt lat="61.6229787355032" lon="8.64452731582906">
        <ele>1370</ele>
        <time>2026-09-16T09:41:47.431Z</time>
      </trkpt>
      <trkpt lat="61.6229706879405" lon="8.64454789632403">
        <ele>1370</ele>
        <time>2026-09-16T09:41:47.431Z</time>
      </trkpt>
      <trkpt lat="61.6228991340259" lon="8.64475186391974">
        <ele>1369</ele>
        <time>2026-09-16T09:41:47.431Z</time>
      </trkpt>
      <trkpt lat="61.6228749912218" lon="8.64481360504066">
        <ele>1370</ele>
        <time>2026-09-16T09:41:47.431Z</time>
      </trkpt>
      <trkpt lat="61.6227318822458" lon="8.64522153682389">
        <ele>1370</ele>
        <time>2026-09-16T09:41:47.431Z</time>
      </trkpt>
      <trkpt lat="61.6226370583487" lon="8.64550598492582">
        <ele>1370</ele>
        <time>2026-09-16T09:41:47.431Z</time>
      </trkpt>
      <trkpt lat="61.6224458411122" lon="8.64584811886368">
        <ele>1370</ele>
        <time>2026-09-16T09:41:47.431Z</time>
      </trkpt>
      <trkpt lat="61.6224225719186" lon="8.64592860160665">
        <ele>1370</ele>
        <time>2026-09-16T09:41:47.431Z</time>
      </trkpt>
      <trkpt lat="61.6223321168956" lon="8.64630676138388">
        <ele>1370</ele>
        <time>2026-09-16T09:41:47.431Z</time>
      </trkpt>
      <trkpt lat="61.6223097214872" lon="8.64640598682086">
        <ele>1370</ele>
        <time>2026-09-16T09:41:47.431Z</time>
      </trkpt>
      <trkpt lat="61.6222381646754" lon="8.64660994582826">
        <ele>1370</ele>
        <time>2026-09-16T09:41:47.431Z</time>
      </trkpt>
      <trkpt lat="61.6220549924572" lon="8.64693148927877">
        <ele>1370</ele>
        <time>2026-09-16T09:41:47.431Z</time>
      </trkpt>
      <trkpt lat="61.6218933415214" lon="8.64713506236336">
        <ele>1370</ele>
        <time>2026-09-16T09:41:47.431Z</time>
      </trkpt>
      <trkpt lat="61.6218763716117" lon="8.64715747746182">
        <ele>1370</ele>
        <time>2026-09-16T09:41:47.431Z</time>
      </trkpt>
      <trkpt lat="61.6216674888251" lon="8.64731399885748">
        <ele>1370</ele>
        <time>2026-09-16T09:41:47.431Z</time>
      </trkpt>
      <trkpt lat="61.6215978611827" lon="8.6473661721697">
        <ele>1370</ele>
        <time>2026-09-16T09:41:47.431Z</time>
      </trkpt>
      <trkpt lat="61.6215005937805" lon="8.64740511004888">
        <ele>1370</ele>
        <time>2026-09-16T09:41:47.431Z</time>
      </trkpt>
      <trkpt lat="61.6214747018808" lon="8.64742936059358">
        <ele>1370</ele>
        <time>2026-09-16T09:41:47.431Z</time>
      </trkpt>
      <trkpt lat="61.6212675665065" lon="8.6476233634516">
        <ele>1371</ele>
        <time>2026-09-16T09:41:47.431Z</time>
      </trkpt>
      <trkpt lat="61.6211381067385" lon="8.64774461388408">
        <ele>1371</ele>
        <time>2026-09-16T09:41:47.431Z</time>
      </trkpt>
      <trkpt lat="61.6210264907434" lon="8.64786219181772">
        <ele>1370</ele>
        <time>2026-09-16T09:41:47.431Z</time>
      </trkpt>
      <trkpt lat="61.6210086468481" lon="8.64786586327522">
        <ele>1370</ele>
        <time>2026-09-16T09:41:47.431Z</time>
      </trkpt>
      <trkpt lat="61.6205803933089" lon="8.64795397680188">
        <ele>1372</ele>
        <time>2026-09-16T09:41:47.431Z</time>
      </trkpt>
      <trkpt lat="61.6198883436708" lon="8.6477936134399">
        <ele>1375</ele>
        <time>2026-09-16T09:41:47.431Z</time>
      </trkpt>
      <trkpt lat="61.6190391943136" lon="8.64774126353193">
        <ele>1375</ele>
        <time>2026-09-16T09:41:47.431Z</time>
      </trkpt>
      <trkpt lat="61.6189767406757" lon="8.64775411279111">
        <ele>1375</ele>
        <time>2026-09-16T09:41:47.431Z</time>
      </trkpt>
      <trkpt lat="61.6186198627042" lon="8.64782753599099">
        <ele>1375</ele>
        <time>2026-09-16T09:41:47.431Z</time>
      </trkpt>
      <trkpt lat="61.6182292281276" lon="8.64775653647365">
        <ele>1375</ele>
        <time>2026-09-16T09:41:47.431Z</time>
      </trkpt>
      <trkpt lat="61.6173624181975" lon="8.64751861937655">
        <ele>1379</ele>
        <time>2026-09-16T09:41:47.431Z</time>
      </trkpt>
      <trkpt lat="61.617086021046" lon="8.64738628319819">
        <ele>1380</ele>
        <time>2026-09-16T09:41:47.431Z</time>
      </trkpt>
      <trkpt lat="61.6170111499318" lon="8.64732600705198">
        <ele>1381</ele>
        <time>2026-09-16T09:41:47.431Z</time>
      </trkpt>
      <trkpt lat="61.6168881734592" lon="8.64719994880156">
        <ele>1381</ele>
        <time>2026-09-16T09:41:47.431Z</time>
      </trkpt>
      <trkpt lat="61.6168881734592" lon="8.64719994880156">
        <ele>1381</ele>
        <time>2026-09-16T09:41:47.431Z</time>
      </trkpt>
      <trkpt lat="61.616526417429" lon="8.64678246456158">
        <ele>1381</ele>
        <time>2026-09-16T09:41:47.431Z</time>
      </trkpt>
      <trkpt lat="61.6162313018399" lon="8.64663506990516">
        <ele>1382</ele>
        <time>2026-09-16T09:41:47.431Z</time>
      </trkpt>
      <trkpt lat="61.61540280022" lon="8.64644607097324">
        <ele>1386</ele>
        <time>2026-09-16T09:41:47.431Z</time>
      </trkpt>
      <trkpt lat="61.6148811400773" lon="8.64626962173678">
        <ele>1392</ele>
        <time>2026-09-16T09:41:47.431Z</time>
      </trkpt>
      <trkpt lat="61.6146493515982" lon="8.64612812740636">
        <ele>1393</ele>
        <time>2026-09-16T09:41:47.431Z</time>
      </trkpt>
      <trkpt lat="61.6142543461992" lon="8.64596346333406">
        <ele>1396</ele>
        <time>2026-09-16T09:41:47.431Z</time>
      </trkpt>
      <trkpt lat="61.613834323034" lon="8.64584178686103">
        <ele>1401</ele>
        <time>2026-09-16T09:41:47.431Z</time>
      </trkpt>
      <trkpt lat="61.6126989790456" lon="8.64564028498848">
        <ele>1416</ele>
        <time>2026-09-16T09:41:47.431Z</time>
      </trkpt>
      <trkpt lat="61.6125446841337" lon="8.64561528007312">
        <ele>1419</ele>
        <time>2026-09-16T09:41:47.431Z</time>
      </trkpt>
      <trkpt lat="61.6123449055268" lon="8.64558071668884">
        <ele>1423</ele>
        <time>2026-09-16T09:41:47.431Z</time>
      </trkpt>
      <trkpt lat="61.6119035418566" lon="8.64538777485182">
        <ele>1430</ele>
        <time>2026-09-16T09:41:47.431Z</time>
      </trkpt>
      <trkpt lat="61.6114943690412" lon="8.6451125481187">
        <ele>1436</ele>
        <time>2026-09-16T09:41:47.431Z</time>
      </trkpt>
      <trkpt lat="61.6112590829411" lon="8.64489613014606">
        <ele>1439</ele>
        <time>2026-09-16T09:41:47.431Z</time>
      </trkpt>
      <trkpt lat="61.6108642562103" lon="8.64454229806785">
        <ele>1444</ele>
        <time>2026-09-16T09:41:47.431Z</time>
      </trkpt>
      <trkpt lat="61.610411346701" lon="8.64429500687197">
        <ele>1450</ele>
        <time>2026-09-16T09:41:47.431Z</time>
      </trkpt>
      <trkpt lat="61.6099210006703" lon="8.64401759496079">
        <ele>1455</ele>
        <time>2026-09-16T09:41:47.431Z</time>
      </trkpt>
      <trkpt lat="61.6095769017319" lon="8.64378575692966">
        <ele>1456</ele>
        <time>2026-09-16T09:41:47.431Z</time>
      </trkpt>
      <trkpt lat="61.6089903410923" lon="8.64337683912444">
        <ele>1458</ele>
        <time>2026-09-16T09:41:47.431Z</time>
      </trkpt>
      <trkpt lat="61.608837794665" lon="8.64338931756761">
        <ele>1459</ele>
        <time>2026-09-16T09:41:47.431Z</time>
      </trkpt>
      <trkpt lat="61.6087324807514" lon="8.64344882051241">
        <ele>1460</ele>
        <time>2026-09-16T09:41:47.431Z</time>
      </trkpt>
      <trkpt lat="61.6086985419111" lon="8.64349363472221">
        <ele>1461</ele>
        <time>2026-09-16T09:41:47.431Z</time>
      </trkpt>
      <trkpt lat="61.6082834059933" lon="8.64386278461583">
        <ele>1467</ele>
        <time>2026-09-16T09:41:47.431Z</time>
      </trkpt>
      <trkpt lat="61.6081404765687" lon="8.64408134154731">
        <ele>1469</ele>
        <time>2026-09-16T09:41:47.431Z</time>
      </trkpt>
      <trkpt lat="61.6078946752084" lon="8.64460477927198">
        <ele>1473</ele>
        <time>2026-09-16T09:41:47.431Z</time>
      </trkpt>
      <trkpt lat="61.6076105616863" lon="8.64507934745764">
        <ele>1478</ele>
        <time>2026-09-16T09:41:47.431Z</time>
      </trkpt>
      <trkpt lat="61.607545305149" lon="8.645225171938">
        <ele>1479</ele>
        <time>2026-09-16T09:41:47.431Z</time>
      </trkpt>
      <trkpt lat="61.6073880258065" lon="8.64552232514085">
        <ele>1482</ele>
        <time>2026-09-16T09:41:47.431Z</time>
      </trkpt>
      <trkpt lat="61.6072853329694" lon="8.64563802044242">
        <ele>1482</ele>
        <time>2026-09-16T09:41:47.431Z</time>
      </trkpt>
      <trkpt lat="61.60671622252" lon="8.64656837621376">
        <ele>1490</ele>
        <time>2026-09-16T09:41:47.431Z</time>
      </trkpt>
      <trkpt lat="61.60646535117" lon="8.6467901947499">
        <ele>1493</ele>
        <time>2026-09-16T09:41:47.431Z</time>
      </trkpt>
      <trkpt lat="61.6061224547896" lon="8.64716332773619">
        <ele>1498</ele>
        <time>2026-09-16T09:41:47.431Z</time>
      </trkpt>
      <trkpt lat="61.6060965627502" lon="8.64718756565883">
        <ele>1499</ele>
        <time>2026-09-16T09:41:47.431Z</time>
      </trkpt>
      <trkpt lat="61.6057847998698" lon="8.64764885256857">
        <ele>1506</ele>
        <time>2026-09-16T09:41:47.431Z</time>
      </trkpt>
      <trkpt lat="61.6056723093339" lon="8.64774763586805">
        <ele>1507</ele>
        <time>2026-09-16T09:41:47.431Z</time>
      </trkpt>
      <trkpt lat="61.6053594854187" lon="8.64837934343347">
        <ele>1516</ele>
        <time>2026-09-16T09:41:47.431Z</time>
      </trkpt>
      <trkpt lat="61.6052807492876" lon="8.64862248449851">
        <ele>1521</ele>
        <time>2026-09-16T09:41:47.431Z</time>
      </trkpt>
      <trkpt lat="61.6050399837615" lon="8.64944739941339">
        <ele>1531</ele>
        <time>2026-09-16T09:41:47.431Z</time>
      </trkpt>
      <trkpt lat="61.6048672833895" lon="8.64999353652713">
        <ele>1536</ele>
        <time>2026-09-16T09:41:47.431Z</time>
      </trkpt>
      <trkpt lat="61.6048055148925" lon="8.65021426921208">
        <ele>1537</ele>
        <time>2026-09-16T09:41:47.431Z</time>
      </trkpt>
      <trkpt lat="61.6047563497901" lon="8.65031893635382">
        <ele>1538</ele>
        <time>2026-09-16T09:41:47.431Z</time>
      </trkpt>
      <trkpt lat="61.6042725531268" lon="8.65153418294318">
        <ele>1545</ele>
        <time>2026-09-16T09:41:47.431Z</time>
      </trkpt>
      <trkpt lat="61.6039803649322" lon="8.65202919706088">
        <ele>1546</ele>
        <time>2026-09-16T09:41:47.431Z</time>
      </trkpt>
      <trkpt lat="61.603407034437" lon="8.65267651981152">
        <ele>1551</ele>
        <time>2026-09-16T09:41:47.431Z</time>
      </trkpt>
      <trkpt lat="61.6031996974264" lon="8.6530595205445">
        <ele>1555</ele>
        <time>2026-09-16T09:41:47.431Z</time>
      </trkpt>
      <trkpt lat="61.6029255400574" lon="8.65336168597332">
        <ele>1556</ele>
        <time>2026-09-16T09:41:47.431Z</time>
      </trkpt>
      <trkpt lat="61.6027003568272" lon="8.65374834134965">
        <ele>1560</ele>
        <time>2026-09-16T09:41:47.431Z</time>
      </trkpt>
      <trkpt lat="61.6026198649122" lon="8.65395398460974">
        <ele>1562</ele>
        <time>2026-09-16T09:41:47.431Z</time>
      </trkpt>
      <trkpt lat="61.6023533665118" lon="8.65461386825211">
        <ele>1566</ele>
        <time>2026-09-16T09:41:47.431Z</time>
      </trkpt>
      <trkpt lat="61.6020200466104" lon="8.65519290865764">
        <ele>1569</ele>
        <time>2026-09-16T09:41:47.431Z</time>
      </trkpt>
      <trkpt lat="61.6018777747198" lon="8.65561924483838">
        <ele>1572</ele>
        <time>2026-09-16T09:41:47.431Z</time>
      </trkpt>
      <trkpt lat="61.6016980678286" lon="8.65601544228933">
        <ele>1574</ele>
        <time>2026-09-16T09:41:47.431Z</time>
      </trkpt>
      <trkpt lat="61.6011993861725" lon="8.65691205347598">
        <ele>1579</ele>
        <time>2026-09-16T09:41:47.431Z</time>
      </trkpt>
      <trkpt lat="61.6012002586241" lon="8.65693078442905">
        <ele>1579</ele>
        <time>2026-09-16T09:41:47.431Z</time>
      </trkpt>
      <trkpt lat="61.601081455847" lon="8.65708754297599">
        <ele>1580</ele>
        <time>2026-09-16T09:41:47.431Z</time>
      </trkpt>
      <trkpt lat="61.6007367840255" lon="8.65742303364274">
        <ele>1583</ele>
        <time>2026-09-16T09:41:47.431Z</time>
      </trkpt>
      <trkpt lat="61.6002089086063" lon="8.65807976091638">
        <ele>1591</ele>
        <time>2026-09-16T09:41:47.431Z</time>
      </trkpt>
      <trkpt lat="61.5999980664184" lon="8.65838776434646">
        <ele>1594</ele>
        <time>2026-09-16T09:41:47.431Z</time>
      </trkpt>
      <trkpt lat="61.5999980664184" lon="8.65838776434646">
        <ele>1594</ele>
        <time>2026-09-16T09:41:47.431Z</time>
      </trkpt>
      <trkpt lat="61.59972107929" lon="8.65882279217476">
        <ele>1599</ele>
        <time>2026-09-16T09:41:47.431Z</time>
      </trkpt>
      <trkpt lat="61.5995522297169" lon="8.6590654412373">
        <ele>1602</ele>
        <time>2026-09-16T09:41:47.431Z</time>
      </trkpt>
      <trkpt lat="61.5992304278658" lon="8.65969873951102">
        <ele>1608</ele>
        <time>2026-09-16T09:41:47.431Z</time>
      </trkpt>
      <trkpt lat="61.5988629373048" lon="8.66051157428987">
        <ele>1615</ele>
        <time>2026-09-16T09:41:47.431Z</time>
      </trkpt>
      <trkpt lat="61.5986322976861" lon="8.66097487477171">
        <ele>1622</ele>
        <time>2026-09-16T09:41:47.431Z</time>
      </trkpt>
      <trkpt lat="61.5985169772504" lon="8.66120652241942">
        <ele>1625</ele>
        <time>2026-09-16T09:41:47.431Z</time>
      </trkpt>
      <trkpt lat="61.5981327093122" lon="8.66185258691404">
        <ele>1641</ele>
        <time>2026-09-16T09:41:47.431Z</time>
      </trkpt>
      <trkpt lat="61.5979397024042" lon="8.6621568839301">
        <ele>1646</ele>
        <time>2026-09-16T09:41:47.431Z</time>
      </trkpt>
      <trkpt lat="61.5975856827897" lon="8.66287235142964">
        <ele>1651</ele>
        <time>2026-09-16T09:41:47.431Z</time>
      </trkpt>
      <trkpt lat="61.5973602638434" lon="8.663447988316">
        <ele>1656</ele>
        <time>2026-09-16T09:41:47.432Z</time>
      </trkpt>
      <trkpt lat="61.5971441796802" lon="8.66364355386514">
        <ele>1660</ele>
        <time>2026-09-16T09:41:47.432Z</time>
      </trkpt>
      <trkpt lat="61.5969807572593" lon="8.66380941217059">
        <ele>1664</ele>
        <time>2026-09-16T09:41:47.432Z</time>
      </trkpt>
      <trkpt lat="61.5968201566559" lon="8.66384233948364">
        <ele>1667</ele>
        <time>2026-09-16T09:41:47.432Z</time>
      </trkpt>
      <trkpt lat="61.5965836129894" lon="8.66398537182147">
        <ele>1670</ele>
        <time>2026-09-16T09:41:47.432Z</time>
      </trkpt>
      <trkpt lat="61.5960574458478" lon="8.66467935294016">
        <ele>1677</ele>
        <time>2026-09-16T09:41:47.432Z</time>
      </trkpt>
      <trkpt lat="61.5959930383491" lon="8.66484380953067">
        <ele>1678</ele>
        <time>2026-09-16T09:41:47.432Z</time>
      </trkpt>
      <trkpt lat="61.5956022330315" lon="8.66573689529066">
        <ele>1683</ele>
        <time>2026-09-16T09:41:47.432Z</time>
      </trkpt>
      <trkpt lat="61.5952780212294" lon="8.66689990434564">
        <ele>1684</ele>
        <time>2026-09-16T09:41:47.432Z</time>
      </trkpt>
      <trkpt lat="61.595148329434" lon="8.66721007176958">
        <ele>1684</ele>
        <time>2026-09-16T09:41:47.432Z</time>
      </trkpt>
      <trkpt lat="61.5950482294653" lon="8.66738183086691">
        <ele>1682</ele>
        <time>2026-09-16T09:41:47.432Z</time>
      </trkpt>
      <trkpt lat="61.5950482294653" lon="8.66738183086691">
        <ele>1682</ele>
        <time>2026-09-16T09:41:47.432Z</time>
      </trkpt>
      <trkpt lat="61.5948623897798" lon="8.66764677959254">
        <ele>1680</ele>
        <time>2026-09-16T09:41:47.432Z</time>
      </trkpt>
      <trkpt lat="61.5948373646614" lon="8.66768971871621">
        <ele>1679</ele>
        <time>2026-09-16T09:41:47.432Z</time>
      </trkpt>
      <trkpt lat="61.5943997436766" lon="8.66815749142158">
        <ele>1662</ele>
        <time>2026-09-16T09:41:47.432Z</time>
      </trkpt>
      <trkpt lat="61.5943470805265" lon="8.66818718578075">
        <ele>1660</ele>
        <time>2026-09-16T09:41:47.432Z</time>
      </trkpt>
      <trkpt lat="61.5941980133644" lon="8.66827444041266">
        <ele>1655</ele>
        <time>2026-09-16T09:41:47.432Z</time>
      </trkpt>
      <trkpt lat="61.5937706119993" lon="8.66838090080177">
        <ele>1640</ele>
        <time>2026-09-16T09:41:47.432Z</time>
      </trkpt>
      <trkpt lat="61.5934948902919" lon="8.66845628710416">
        <ele>1635</ele>
        <time>2026-09-16T09:41:47.432Z</time>
      </trkpt>
      <trkpt lat="61.5930435484194" lon="8.66843531210819">
        <ele>1628</ele>
        <time>2026-09-16T09:41:47.432Z</time>
      </trkpt>
      <trkpt lat="61.5928224457475" lon="8.66832936546002">
        <ele>1624</ele>
        <time>2026-09-16T09:41:47.432Z</time>
      </trkpt>
      <trkpt lat="61.5926013430109" lon="8.6682234202368">
        <ele>1620</ele>
        <time>2026-09-16T09:41:47.432Z</time>
      </trkpt>
      <trkpt lat="61.5921663179532" lon="8.66797225452684">
        <ele>1620</ele>
        <time>2026-09-16T09:41:47.432Z</time>
      </trkpt>
      <trkpt lat="61.5918579469261" lon="8.66773295789562">
        <ele>1620</ele>
        <time>2026-09-16T09:41:47.432Z</time>
      </trkpt>
      <trkpt lat="61.5915043059138" lon="8.66729499686335">
        <ele>1600</ele>
        <time>2026-09-16T09:41:47.432Z</time>
      </trkpt>
      <trkpt lat="61.591156101879" lon="8.66678031668836">
        <ele>1600</ele>
        <time>2026-09-16T09:41:47.432Z</time>
      </trkpt>
      <trkpt lat="61.5909386942127" lon="8.66656020889299">
        <ele>1600</ele>
        <time>2026-09-16T09:41:47.432Z</time>
      </trkpt>
      <trkpt lat="61.5907783043667" lon="8.66640403551133">
        <ele>1600</ele>
        <time>2026-09-16T09:41:47.432Z</time>
      </trkpt>
      <trkpt lat="61.5888888840915" lon="8.66490089722001">
        <ele>1580</ele>
        <time>2026-09-16T09:41:47.432Z</time>
      </trkpt>
      <trkpt lat="61.5886830098898" lon="8.66473516060298">
        <ele>1580</ele>
        <time>2026-09-16T09:41:47.432Z</time>
      </trkpt>
      <trkpt lat="61.5883835561944" lon="8.66449409297164">
        <ele>1580</ele>
        <time>2026-09-16T09:41:47.432Z</time>
      </trkpt>
      <trkpt lat="61.5880170805919" lon="8.66436127415043">
        <ele>1580</ele>
        <time>2026-09-16T09:41:47.432Z</time>
      </trkpt>
      <trkpt lat="61.5873903250146" lon="8.66405498040694">
        <ele>1560</ele>
        <time>2026-09-16T09:41:47.432Z</time>
      </trkpt>
      <trkpt lat="61.586963135943" lon="8.66397241518294">
        <ele>1560</ele>
        <time>2026-09-16T09:41:47.432Z</time>
      </trkpt>
      <trkpt lat="61.5865152796087" lon="8.66402639376947">
        <ele>1560</ele>
        <time>2026-09-16T09:41:47.432Z</time>
      </trkpt>
      <trkpt lat="61.5861923350573" lon="8.66405477273962">
        <ele>1560</ele>
        <time>2026-09-16T09:41:47.432Z</time>
      </trkpt>
      <trkpt lat="61.5859620986088" lon="8.6641397551237">
        <ele>1560</ele>
        <time>2026-09-16T09:41:47.432Z</time>
      </trkpt>
      <trkpt lat="61.5857647281445" lon="8.66435030448772">
        <ele>1554</ele>
        <time>2026-09-16T09:41:47.432Z</time>
      </trkpt>
      <trkpt lat="61.5855092576817" lon="8.66466725744523">
        <ele>1554</ele>
        <time>2026-09-16T09:41:47.432Z</time>
      </trkpt>
      <trkpt lat="61.5848929890891" lon="8.66536052574875">
        <ele>1552</ele>
        <time>2026-09-16T09:41:47.432Z</time>
      </trkpt>
      <trkpt lat="61.5844830122787" lon="8.66584141018712">
        <ele>1551</ele>
        <time>2026-09-16T09:41:47.432Z</time>
      </trkpt>
      <trkpt lat="61.584057802021" lon="8.66638209972363">
        <ele>1551</ele>
        <time>2026-09-16T09:41:47.432Z</time>
      </trkpt>
      <trkpt lat="61.5837211544723" lon="8.66669674432038">
        <ele>1549</ele>
        <time>2026-09-16T09:41:47.432Z</time>
      </trkpt>
      <trkpt lat="61.5830136955768" lon="8.66755979293861">
        <ele>1546</ele>
        <time>2026-09-16T09:41:47.432Z</time>
      </trkpt>
      <trkpt lat="61.5828304664313" lon="8.66788079414873">
        <ele>1547</ele>
        <time>2026-09-16T09:41:47.432Z</time>
      </trkpt>
      <trkpt lat="61.5823319117763" lon="8.66858762764755">
        <ele>1546</ele>
        <time>2026-09-16T09:41:47.432Z</time>
      </trkpt>
      <trkpt lat="61.5821647834347" lon="8.66886752237992">
        <ele>1540</ele>
        <time>2026-09-16T09:41:47.432Z</time>
      </trkpt>
      <trkpt lat="61.5818762237765" lon="8.669247865744">
        <ele>1540</ele>
        <time>2026-09-16T09:41:47.432Z</time>
      </trkpt>
      <trkpt lat="61.5815482743335" lon="8.66974965157066">
        <ele>1540</ele>
        <time>2026-09-16T09:41:47.432Z</time>
      </trkpt>
      <trkpt lat="61.5804625670121" lon="8.67138916939353">
        <ele>1540</ele>
        <time>2026-09-16T09:41:47.432Z</time>
      </trkpt>
      <trkpt lat="61.5798275456879" lon="8.6720671196393">
        <ele>1540</ele>
        <time>2026-09-16T09:41:47.432Z</time>
      </trkpt>
      <trkpt lat="61.5795524703464" lon="8.67235016044114">
        <ele>1540</ele>
        <time>2026-09-16T09:41:47.432Z</time>
      </trkpt>
      <trkpt lat="61.5789912114019" lon="8.67325862906639">
        <ele>1540</ele>
        <time>2026-09-16T09:41:47.432Z</time>
      </trkpt>
      <trkpt lat="61.5786560634061" lon="8.67379958571735">
        <ele>1540</ele>
        <time>2026-09-16T09:41:47.432Z</time>
      </trkpt>
      <trkpt lat="61.5785890335295" lon="8.67390777563199">
        <ele>1540</ele>
        <time>2026-09-16T09:41:47.432Z</time>
      </trkpt>
      <trkpt lat="61.5782530128938" lon="8.67443000038076">
        <ele>1540</ele>
        <time>2026-09-16T09:41:47.432Z</time>
      </trkpt>
      <trkpt lat="61.5774403631837" lon="8.67593775381567">
        <ele>1540</ele>
        <time>2026-09-16T09:41:47.432Z</time>
      </trkpt>
      <trkpt lat="61.5767924620324" lon="8.67692048571663">
        <ele>1540</ele>
        <time>2026-09-16T09:41:47.432Z</time>
      </trkpt>
      <trkpt lat="61.5765467515641" lon="8.67725413342528">
        <ele>1540</ele>
        <time>2026-09-16T09:41:47.432Z</time>
      </trkpt>
      <trkpt lat="61.5762814563203" lon="8.67755398997117">
        <ele>1532</ele>
        <time>2026-09-16T09:41:47.432Z</time>
      </trkpt>
      <trkpt lat="61.5758420566631" lon="8.67798389662919">
        <ele>1528</ele>
        <time>2026-09-16T09:41:47.432Z</time>
      </trkpt>
      <trkpt lat="61.5757125654891" lon="8.67810483257917">
        <ele>1527</ele>
        <time>2026-09-16T09:41:47.432Z</time>
      </trkpt>
      <trkpt lat="61.5748489981379" lon="8.67890480712813">
        <ele>1520</ele>
        <time>2026-09-16T09:41:47.432Z</time>
      </trkpt>
      <trkpt lat="61.5747882787653" lon="8.67895500172814">
        <ele>1520</ele>
        <time>2026-09-16T09:41:47.432Z</time>
      </trkpt>
      <trkpt lat="61.5744380996435" lon="8.67936663565282">
        <ele>1514</ele>
        <time>2026-09-16T09:41:47.432Z</time>
      </trkpt>
      <trkpt lat="61.5741094721686" lon="8.67966049852545">
        <ele>1510</ele>
        <time>2026-09-16T09:41:47.432Z</time>
      </trkpt>
      <trkpt lat="61.5735255658163" lon="8.68008207902702">
        <ele>1501</ele>
        <time>2026-09-16T09:41:47.432Z</time>
      </trkpt>
      <trkpt lat="61.5734156557338" lon="8.68023678117443">
        <ele>1500</ele>
        <time>2026-09-16T09:41:47.432Z</time>
      </trkpt>
      <trkpt lat="61.5731029005278" lon="8.68067852081322">
        <ele>1495</ele>
        <time>2026-09-16T09:41:47.432Z</time>
      </trkpt>
      <trkpt lat="61.572759432996" lon="8.68142879874244">
        <ele>1488</ele>
        <time>2026-09-16T09:41:47.432Z</time>
      </trkpt>
      <trkpt lat="61.5725147433818" lon="8.68236669866394">
        <ele>1484</ele>
        <time>2026-09-16T09:41:47.432Z</time>
      </trkpt>
      <trkpt lat="61.572465948678" lon="8.6828678537904">
        <ele>1483</ele>
        <time>2026-09-16T09:41:47.432Z</time>
      </trkpt>
      <trkpt lat="61.5723794876575" lon="8.68352783276293">
        <ele>1480</ele>
        <time>2026-09-16T09:41:47.432Z</time>
      </trkpt>
      <trkpt lat="61.5723246090302" lon="8.68389798246799">
        <ele>1476</ele>
        <time>2026-09-16T09:41:47.432Z</time>
      </trkpt>
      <trkpt lat="61.5722365584273" lon="8.68510614040604">
        <ele>1472</ele>
        <time>2026-09-16T09:41:47.432Z</time>
      </trkpt>
      <trkpt lat="61.572189250132" lon="8.68583368241462">
        <ele>1470</ele>
        <time>2026-09-16T09:41:47.432Z</time>
      </trkpt>
      <trkpt lat="61.5721724196506" lon="8.68644165177835">
        <ele>1469</ele>
        <time>2026-09-16T09:41:47.432Z</time>
      </trkpt>
      <trkpt lat="61.5721807599855" lon="8.68759234247297">
        <ele>1466</ele>
        <time>2026-09-16T09:41:47.432Z</time>
      </trkpt>
      <trkpt lat="61.5722169706445" lon="8.68856732169582">
        <ele>1463</ele>
        <time>2026-09-16T09:41:47.432Z</time>
      </trkpt>
      <trkpt lat="61.5722899781547" lon="8.68936477114924">
        <ele>1462</ele>
        <time>2026-09-16T09:41:47.432Z</time>
      </trkpt>
      <trkpt lat="61.5724012750075" lon="8.69021108953831">
        <ele>1460</ele>
        <time>2026-09-16T09:41:47.432Z</time>
      </trkpt>
      <trkpt lat="61.5724834428888" lon="8.6908177602147">
        <ele>1457</ele>
        <time>2026-09-16T09:41:47.432Z</time>
      </trkpt>
      <trkpt lat="61.5725240920647" lon="8.69111173936603">
        <ele>1458</ele>
        <time>2026-09-16T09:41:47.432Z</time>
      </trkpt>
      <trkpt lat="61.5726094773367" lon="8.69198224409249">
        <ele>1458</ele>
        <time>2026-09-16T09:41:47.432Z</time>
      </trkpt>
      <trkpt lat="61.5727270790413" lon="8.69277061713971">
        <ele>1460</ele>
        <time>2026-09-16T09:41:47.432Z</time>
      </trkpt>
      <trkpt lat="61.5728092357035" lon="8.69337730160806">
        <ele>1461</ele>
        <time>2026-09-16T09:41:47.432Z</time>
      </trkpt>
      <trkpt lat="61.5728692083317" lon="8.69389405100259">
        <ele>1461</ele>
        <time>2026-09-16T09:41:47.432Z</time>
      </trkpt>
      <trkpt lat="61.5730182644621" lon="8.69516721837707">
        <ele>1464</ele>
        <time>2026-09-16T09:41:47.432Z</time>
      </trkpt>
      <trkpt lat="61.5730938344519" lon="8.69602085242872">
        <ele>1462</ele>
        <time>2026-09-16T09:41:47.432Z</time>
      </trkpt>
      <trkpt lat="61.5731630765386" lon="8.69693245541628">
        <ele>1460</ele>
        <time>2026-09-16T09:41:47.432Z</time>
      </trkpt>
      <trkpt lat="61.5731717438579" lon="8.69711961040124">
        <ele>1460</ele>
        <time>2026-09-16T09:41:47.432Z</time>
      </trkpt>
      <trkpt lat="61.573202333907" lon="8.69758568059553">
        <ele>1460</ele>
        <time>2026-09-16T09:41:47.432Z</time>
      </trkpt>
      <trkpt lat="61.5732268561681" lon="8.6979207428071">
        <ele>1460</ele>
        <time>2026-09-16T09:41:47.432Z</time>
      </trkpt>
      <trkpt lat="61.5732346555533" lon="8.69808918295504">
        <ele>1460</ele>
        <time>2026-09-16T09:41:47.432Z</time>
      </trkpt>
      <trkpt lat="61.5732604851746" lon="8.69942526105143">
        <ele>1453</ele>
        <time>2026-09-16T09:41:47.432Z</time>
      </trkpt>
      <trkpt lat="61.5732784195621" lon="8.70000726360586">
        <ele>1451</ele>
        <time>2026-09-16T09:41:47.432Z</time>
      </trkpt>
      <trkpt lat="61.573288555165" lon="8.70042082568597">
        <ele>1449</ele>
        <time>2026-09-16T09:41:47.432Z</time>
      </trkpt>
      <trkpt lat="61.5733315217154" lon="8.70095994765088">
        <ele>1447</ele>
        <time>2026-09-16T09:41:47.432Z</time>
      </trkpt>
      <trkpt lat="61.5733401835322" lon="8.70114710510391">
        <ele>1447</ele>
        <time>2026-09-16T09:41:47.432Z</time>
      </trkpt>
      <trkpt lat="61.5734188389928" lon="8.70167896261681">
        <ele>1448</ele>
        <time>2026-09-16T09:41:47.432Z</time>
      </trkpt>
      <trkpt lat="61.5734687287232" lon="8.70236781582116">
        <ele>1447</ele>
        <time>2026-09-16T09:41:47.432Z</time>
      </trkpt>
      <trkpt lat="61.5735701570171" lon="8.70319731787728">
        <ele>1446</ele>
        <time>2026-09-16T09:41:47.432Z</time>
      </trkpt>
      <trkpt lat="61.5737937079351" lon="8.70471987877051">
        <ele>1444</ele>
        <time>2026-09-16T09:41:47.432Z</time>
      </trkpt>
      <trkpt lat="61.5739218911462" lon="8.70554395133462">
        <ele>1445</ele>
        <time>2026-09-16T09:41:47.432Z</time>
      </trkpt>
      <trkpt lat="61.5740947435411" lon="8.70694460860082">
        <ele>1443</ele>
        <time>2026-09-16T09:41:47.432Z</time>
      </trkpt>
      <trkpt lat="61.5741843551224" lon="8.707908789304">
        <ele>1440</ele>
        <time>2026-09-16T09:41:47.432Z</time>
      </trkpt>
      <trkpt lat="61.5741904118071" lon="8.70803980485928">
        <ele>1440</ele>
        <time>2026-09-16T09:41:47.432Z</time>
      </trkpt>
      <trkpt lat="61.5742239298711" lon="8.70954438739961">
        <ele>1428</ele>
        <time>2026-09-16T09:41:47.432Z</time>
      </trkpt>
      <trkpt lat="61.5742041254215" lon="8.7102852205243">
        <ele>1420</ele>
        <time>2026-09-16T09:41:47.432Z</time>
      </trkpt>
      <trkpt lat="61.5741992528162" lon="8.71056959795595">
        <ele>1416</ele>
        <time>2026-09-16T09:41:47.432Z</time>
      </trkpt>
      <trkpt lat="61.5741682003728" lon="8.71106711416065">
        <ele>1412</ele>
        <time>2026-09-16T09:41:47.432Z</time>
      </trkpt>
      <trkpt lat="61.5741345518426" lon="8.71150847965757">
        <ele>1410</ele>
        <time>2026-09-16T09:41:47.432Z</time>
      </trkpt>
      <trkpt lat="61.5740865811139" lon="8.71319964944352">
        <ele>1401</ele>
        <time>2026-09-16T09:41:47.432Z</time>
      </trkpt>
      <trkpt lat="61.5740863030884" lon="8.71338862917708">
        <ele>1400</ele>
        <time>2026-09-16T09:41:47.432Z</time>
      </trkpt>
      <trkpt lat="61.5740705201698" lon="8.71441202078713">
        <ele>1394</ele>
        <time>2026-09-16T09:41:47.432Z</time>
      </trkpt>
      <trkpt lat="61.5740466705935" lon="8.7154559412269">
        <ele>1388</ele>
        <time>2026-09-16T09:41:47.432Z</time>
      </trkpt>
      <trkpt lat="61.5740412408297" lon="8.71670393211038">
        <ele>1381</ele>
        <time>2026-09-16T09:41:47.432Z</time>
      </trkpt>
      <trkpt lat="61.5740375018484" lon="8.71681804486819">
        <ele>1380</ele>
        <time>2026-09-16T09:41:47.432Z</time>
      </trkpt>
      <trkpt lat="61.5740280246723" lon="8.71778347229516">
        <ele>1375</ele>
        <time>2026-09-16T09:41:47.432Z</time>
      </trkpt>
      <trkpt lat="61.5739989666546" lon="8.71871508951618">
        <ele>1372</ele>
        <time>2026-09-16T09:41:47.432Z</time>
      </trkpt>
      <trkpt lat="61.573948890749" lon="8.71997213676582">
        <ele>1367</ele>
        <time>2026-09-16T09:41:47.432Z</time>
      </trkpt>
      <trkpt lat="61.5738910280356" lon="8.72164638356418">
        <ele>1364</ele>
        <time>2026-09-16T09:41:47.432Z</time>
      </trkpt>
      <trkpt lat="61.5738058140022" lon="8.72253270813013">
        <ele>1360</ele>
        <time>2026-09-16T09:41:47.432Z</time>
      </trkpt>
      <trkpt lat="61.573795736492" lon="8.72270478064084">
        <ele>1359</ele>
        <time>2026-09-16T09:41:47.432Z</time>
      </trkpt>
      <trkpt lat="61.5736831435158" lon="8.72456013809533">
        <ele>1352</ele>
        <time>2026-09-16T09:41:47.432Z</time>
      </trkpt>
      <trkpt lat="61.573618050438" lon="8.72568795828524">
        <ele>1352</ele>
        <time>2026-09-16T09:41:47.432Z</time>
      </trkpt>
      <trkpt lat="61.5733243908801" lon="8.72693768551805">
        <ele>1342</ele>
        <time>2026-09-16T09:41:47.432Z</time>
      </trkpt>
      <trkpt lat="61.5732696908728" lon="8.72711880082232">
        <ele>1340</ele>
        <time>2026-09-16T09:41:47.432Z</time>
      </trkpt>
      <trkpt lat="61.5731441684598" lon="8.72752208110041">
        <ele>1337</ele>
        <time>2026-09-16T09:41:47.432Z</time>
      </trkpt>
      <trkpt lat="61.573038216583" lon="8.72795917308828">
        <ele>1334</ele>
        <time>2026-09-16T09:41:47.432Z</time>
      </trkpt>
      <trkpt lat="61.572959859828" lon="8.72899519031606">
        <ele>1332</ele>
        <time>2026-09-16T09:41:47.432Z</time>
      </trkpt>
      <trkpt lat="61.5728648117168" lon="8.72986456266803">
        <ele>1329</ele>
        <time>2026-09-16T09:41:47.432Z</time>
      </trkpt>
      <trkpt lat="61.5727513511653" lon="8.73052985716663">
        <ele>1325</ele>
        <time>2026-09-16T09:41:47.432Z</time>
      </trkpt>
      <trkpt lat="61.5727090181305" lon="8.73078402049938">
        <ele>1320</ele>
        <time>2026-09-16T09:41:47.432Z</time>
      </trkpt>
      <trkpt lat="61.5726378873002" lon="8.73119514695814">
        <ele>1313</ele>
        <time>2026-09-16T09:41:47.432Z</time>
      </trkpt>
      <trkpt lat="61.5726027524198" lon="8.73141006770101">
        <ele>1312</ele>
        <time>2026-09-16T09:41:47.432Z</time>
      </trkpt>
      <trkpt lat="61.5724705753203" lon="8.73206025061713">
        <ele>1313</ele>
        <time>2026-09-16T09:41:47.432Z</time>
      </trkpt>
      <trkpt lat="61.572169710878" lon="8.73276348920897">
        <ele>1310</ele>
        <time>2026-09-16T09:41:47.432Z</time>
      </trkpt>
      <trkpt lat="61.5716840345503" lon="8.7335608167502">
        <ele>1300</ele>
        <time>2026-09-16T09:41:47.432Z</time>
      </trkpt>
      <trkpt lat="61.5709389559561" lon="8.73478844802191">
        <ele>1282</ele>
        <time>2026-09-16T09:41:47.432Z</time>
      </trkpt>
      <trkpt lat="61.5707869479961" lon="8.73500812690815">
        <ele>1280</ele>
        <time>2026-09-16T09:41:47.432Z</time>
      </trkpt>
      <trkpt lat="61.5697361114863" lon="8.7366375860367">
        <ele>1260</ele>
        <time>2026-09-16T09:41:47.432Z</time>
      </trkpt>
      <trkpt lat="61.5694248876045" lon="8.73711614161816">
        <ele>1254</ele>
        <time>2026-09-16T09:41:47.432Z</time>
      </trkpt>
      <trkpt lat="61.5688007122417" lon="8.7380357949956">
        <ele>1246</ele>
        <time>2026-09-16T09:41:47.432Z</time>
      </trkpt>
      <trkpt lat="61.568304589857" lon="8.73919393603421">
        <ele>1240</ele>
        <time>2026-09-16T09:41:47.432Z</time>
      </trkpt>
      <trkpt lat="61.5681335513184" lon="8.73958741639382">
        <ele>1237</ele>
        <time>2026-09-16T09:41:47.432Z</time>
      </trkpt>
      <trkpt lat="61.5673538072404" lon="8.74123728844732">
        <ele>1228</ele>
        <time>2026-09-16T09:41:47.432Z</time>
      </trkpt>
      <trkpt lat="61.5666347868187" lon="8.74283702106784">
        <ele>1220</ele>
        <time>2026-09-16T09:41:47.432Z</time>
      </trkpt>
      <trkpt lat="61.566286664245" lon="8.74349290378023">
        <ele>1220</ele>
        <time>2026-09-16T09:41:47.432Z</time>
      </trkpt>
      <trkpt lat="61.5660969050116" lon="8.74387122985157">
        <ele>1220</ele>
        <time>2026-09-16T09:41:47.432Z</time>
      </trkpt>
      <trkpt lat="61.5657882345045" lon="8.74440579418307">
        <ele>1220</ele>
        <time>2026-09-16T09:41:47.432Z</time>
      </trkpt>
      <trkpt lat="61.5654864425341" lon="8.74509004856545">
        <ele>1210</ele>
        <time>2026-09-16T09:41:47.432Z</time>
      </trkpt>
      <trkpt lat="61.565198194364" lon="8.74567712070311">
        <ele>1209</ele>
        <time>2026-09-16T09:41:47.432Z</time>
      </trkpt>
      <trkpt lat="61.5651354046242" lon="8.7458786717766">
        <ele>1200</ele>
        <time>2026-09-16T09:41:47.432Z</time>
      </trkpt>
      <trkpt lat="61.5649775690141" lon="8.7463638335915">
        <ele>1200</ele>
        <time>2026-09-16T09:41:47.432Z</time>
      </trkpt>
      <trkpt lat="61.5648223111212" lon="8.74690512730654">
        <ele>1200</ele>
        <time>2026-09-16T09:41:47.432Z</time>
      </trkpt>
      <trkpt lat="61.5647531751726" lon="8.74716461313192">
        <ele>1200</ele>
        <time>2026-09-16T09:41:47.432Z</time>
      </trkpt>
      <trkpt lat="61.564563938469" lon="8.74775053429538">
        <ele>1200</ele>
        <time>2026-09-16T09:41:47.432Z</time>
      </trkpt>
      <trkpt lat="61.5645388866722" lon="8.74779336673755">
        <ele>1200</ele>
        <time>2026-09-16T09:41:47.432Z</time>
      </trkpt>
      <trkpt lat="61.564525337703" lon="8.74789053276249">
        <ele>1200</ele>
        <time>2026-09-16T09:41:47.432Z</time>
      </trkpt>
      <trkpt lat="61.5644510418073" lon="8.74803774146362">
        <ele>1200</ele>
        <time>2026-09-16T09:41:47.432Z</time>
      </trkpt>
      <trkpt lat="61.5644179258366" lon="8.74810108820787">
        <ele>1200</ele>
        <time>2026-09-16T09:41:47.432Z</time>
      </trkpt>
      <trkpt lat="61.5643750264283" lon="8.74814752537613">
        <ele>1200</ele>
        <time>2026-09-16T09:41:47.432Z</time>
      </trkpt>
      <trkpt lat="61.564247187736" lon="8.7483055480619">
        <ele>1200</ele>
        <time>2026-09-16T09:41:47.432Z</time>
      </trkpt>
      <trkpt lat="61.5640879518636" lon="8.74856433878673">
        <ele>1200</ele>
        <time>2026-09-16T09:41:47.432Z</time>
      </trkpt>
      <trkpt lat="61.5638224899047" lon="8.74886346700542">
        <ele>1200</ele>
        <time>2026-09-16T09:41:47.432Z</time>
      </trkpt>
      <trkpt lat="61.563620353091" lon="8.74916868583413">
        <ele>1200</ele>
        <time>2026-09-16T09:41:47.432Z</time>
      </trkpt>
      <trkpt lat="61.563370158785" lon="8.74940806546105">
        <ele>1200</ele>
        <time>2026-09-16T09:41:47.432Z</time>
      </trkpt>
      <trkpt lat="61.5631314661004" lon="8.74970177308267">
        <ele>1200</ele>
        <time>2026-09-16T09:41:47.432Z</time>
      </trkpt>
      <trkpt lat="61.5628884757125" lon="8.74990192005825">
        <ele>1191</ele>
        <time>2026-09-16T09:41:47.432Z</time>
      </trkpt>
      <trkpt lat="61.5627937517345" lon="8.74999658647394">
        <ele>1190</ele>
        <time>2026-09-16T09:41:47.432Z</time>
      </trkpt>
      <trkpt lat="61.5626302155407" lon="8.75016180080357">
        <ele>1188</ele>
        <time>2026-09-16T09:41:47.432Z</time>
      </trkpt>
      <trkpt lat="61.5622259347896" lon="8.75077219345147">
        <ele>1180</ele>
        <time>2026-09-16T09:41:47.432Z</time>
      </trkpt>
      <trkpt lat="61.5621317381499" lon="8.75107447541252">
        <ele>1180</ele>
        <time>2026-09-16T09:41:47.432Z</time>
      </trkpt>
      <trkpt lat="61.5620922745387" lon="8.75119574800038">
        <ele>1180</ele>
        <time>2026-09-16T09:41:47.432Z</time>
      </trkpt>
      <trkpt lat="61.5617998966907" lon="8.75208567140475">
        <ele>1180</ele>
        <time>2026-09-16T09:41:47.432Z</time>
      </trkpt>
      <trkpt lat="61.5617537523582" lon="8.75245378181659">
        <ele>1180</ele>
        <time>2026-09-16T09:41:47.432Z</time>
      </trkpt>
      <trkpt lat="61.5617216847929" lon="8.75293235378106">
        <ele>1180</ele>
        <time>2026-09-16T09:41:47.432Z</time>
      </trkpt>
      <trkpt lat="61.5617134755788" lon="8.75353829744569">
        <ele>1180</ele>
        <time>2026-09-16T09:41:47.432Z</time>
      </trkpt>
      <trkpt lat="61.5617651903772" lon="8.75505746320578">
        <ele>1180</ele>
        <time>2026-09-16T09:41:47.432Z</time>
      </trkpt>
      <trkpt lat="61.5617643609508" lon="8.75602071198258">
        <ele>1180</ele>
        <time>2026-09-16T09:41:47.432Z</time>
      </trkpt>
      <trkpt lat="61.5617588712867" lon="8.75609735511509">
        <ele>1180</ele>
        <time>2026-09-16T09:41:47.432Z</time>
      </trkpt>
      <trkpt lat="61.5617559571863" lon="8.75623013047254">
        <ele>1180</ele>
        <time>2026-09-16T09:41:47.432Z</time>
      </trkpt>
      <trkpt lat="61.5617458360869" lon="8.75640212736185">
        <ele>1180</ele>
        <time>2026-09-16T09:41:47.432Z</time>
      </trkpt>
      <trkpt lat="61.5617242154098" lon="8.75651979190358">
        <ele>1180</ele>
        <time>2026-09-16T09:41:47.432Z</time>
      </trkpt>
      <trkpt lat="61.5616962461478" lon="8.75669538844348">
        <ele>1180</ele>
        <time>2026-09-16T09:41:47.432Z</time>
      </trkpt>
      <trkpt lat="61.5616818322023" lon="8.75677383123562">
        <ele>1180</ele>
        <time>2026-09-16T09:41:47.432Z</time>
      </trkpt>
      <trkpt lat="61.5616037529018" lon="8.75703506928513">
        <ele>1180</ele>
        <time>2026-09-16T09:41:47.432Z</time>
      </trkpt>
      <trkpt lat="61.5613851253616" lon="8.75757013923992">
        <ele>1180</ele>
        <time>2026-09-16T09:41:47.432Z</time>
      </trkpt>
      <trkpt lat="61.5613044695343" lon="8.75777524121759">
        <ele>1180</ele>
        <time>2026-09-16T09:41:47.432Z</time>
      </trkpt>
      <trkpt lat="61.5612614011836" lon="8.75840708495702">
        <ele>1180</ele>
        <time>2026-09-16T09:41:47.432Z</time>
      </trkpt>
      <trkpt lat="61.5612396103075" lon="8.75911017079063">
        <ele>1180</ele>
        <time>2026-09-16T09:41:47.432Z</time>
      </trkpt>
      <trkpt lat="61.5609370534981" lon="8.76017198903283">
        <ele>1180</ele>
        <time>2026-09-16T09:41:47.432Z</time>
      </trkpt>
      <trkpt lat="61.5608901972638" lon="8.76091788364625">
        <ele>1180</ele>
        <time>2026-09-16T09:41:47.432Z</time>
      </trkpt>
      <trkpt lat="61.5608910551455" lon="8.76093659404473">
        <ele>1180</ele>
        <time>2026-09-16T09:41:47.432Z</time>
      </trkpt>
      <trkpt lat="61.5608919130246" lon="8.76095530444439">
        <ele>1180</ele>
        <time>2026-09-16T09:41:47.432Z</time>
      </trkpt>
      <trkpt lat="61.5608244651277" lon="8.761252147807">
        <ele>1180</ele>
        <time>2026-09-16T09:41:47.432Z</time>
      </trkpt>
      <trkpt lat="61.5607515237461" lon="8.76162562974051">
        <ele>1180</ele>
        <time>2026-09-16T09:41:47.432Z</time>
      </trkpt>
      <trkpt lat="61.5605862373232" lon="8.76273527652457">
        <ele>1180</ele>
        <time>2026-09-16T09:41:47.432Z</time>
      </trkpt>
      <trkpt lat="61.5605553390713" lon="8.76304363137099">
        <ele>1180</ele>
        <time>2026-09-16T09:41:47.432Z</time>
      </trkpt>
      <trkpt lat="61.560482552362" lon="8.76381361706101">
        <ele>1180</ele>
        <time>2026-09-16T09:41:47.432Z</time>
      </trkpt>
      <trkpt lat="61.5604770582533" lon="8.76389025588623">
        <ele>1180</ele>
        <time>2026-09-16T09:41:47.432Z</time>
      </trkpt>
      <trkpt lat="61.5603901984293" lon="8.76454977409644">
        <ele>1180</ele>
        <time>2026-09-16T09:41:47.432Z</time>
      </trkpt>
      <trkpt lat="61.5603486573003" lon="8.76482250249182">
        <ele>1180</ele>
        <time>2026-09-16T09:41:47.432Z</time>
      </trkpt>
      <trkpt lat="61.5601400861621" lon="8.76616742379844">
        <ele>1180</ele>
        <time>2026-09-16T09:41:47.432Z</time>
      </trkpt>
      <trkpt lat="61.560079130278" lon="8.7668028281699">
        <ele>1180</ele>
        <time>2026-09-16T09:41:47.432Z</time>
      </trkpt>
      <trkpt lat="61.5600808444139" lon="8.76684024841158">
        <ele>1180</ele>
        <time>2026-09-16T09:41:47.432Z</time>
      </trkpt>
      <trkpt lat="61.5600449436424" lon="8.76743283998713">
        <ele>1180</ele>
        <time>2026-09-16T09:41:47.432Z</time>
      </trkpt>
      <trkpt lat="61.5599106655974" lon="8.76863059421072">
        <ele>1181</ele>
        <time>2026-09-16T09:41:47.432Z</time>
      </trkpt>
      <trkpt lat="61.5598442008886" lon="8.76934262614585">
        <ele>1182</ele>
        <time>2026-09-16T09:41:47.432Z</time>
      </trkpt>
      <trkpt lat="61.5597653817809" lon="8.76998161101901">
        <ele>1183</ele>
        <time>2026-09-16T09:41:47.432Z</time>
      </trkpt>
      <trkpt lat="61.5596221568908" lon="8.77118114026997">
        <ele>1187</ele>
        <time>2026-09-16T09:41:47.432Z</time>
      </trkpt>
      <trkpt lat="61.559549684044" lon="8.77176219097677">
        <ele>1190</ele>
        <time>2026-09-16T09:41:47.432Z</time>
      </trkpt>
      <trkpt lat="61.5594494835526" lon="8.77331180845166">
        <ele>1191</ele>
        <time>2026-09-16T09:41:47.432Z</time>
      </trkpt>
      <trkpt lat="61.5593871652186" lon="8.77509926312624">
        <ele>1184</ele>
        <time>2026-09-16T09:41:47.432Z</time>
      </trkpt>
      <trkpt lat="61.5593309361422" lon="8.77603579096574">
        <ele>1184</ele>
        <time>2026-09-16T09:41:47.432Z</time>
      </trkpt>
      <trkpt lat="61.5593446286152" lon="8.77633515109146">
        <ele>1185</ele>
        <time>2026-09-16T09:41:47.432Z</time>
      </trkpt>
      <trkpt lat="61.559358320434" lon="8.7766345115197">
        <ele>1185</ele>
        <time>2026-09-16T09:41:47.432Z</time>
      </trkpt>
      <trkpt lat="61.5594078287604" lon="8.77732319596175">
        <ele>1187</ele>
        <time>2026-09-16T09:41:47.432Z</time>
      </trkpt>
      <trkpt lat="61.5595096546299" lon="8.7781713060755">
        <ele>1187</ele>
        <time>2026-09-16T09:41:47.432Z</time>
      </trkpt>
      <trkpt lat="61.5595446128403" lon="8.77854192292562">
        <ele>1186</ele>
        <time>2026-09-16T09:41:47.432Z</time>
      </trkpt>
      <trkpt lat="61.5595612361371" lon="8.77870852145253">
        <ele>1187</ele>
        <time>2026-09-16T09:41:47.432Z</time>
      </trkpt>
      <trkpt lat="61.5595507161153" lon="8.77906939617523">
        <ele>1187</ele>
        <time>2026-09-16T09:41:47.432Z</time>
      </trkpt>
      <trkpt lat="61.5594212423855" lon="8.7795863474505">
        <ele>1185</ele>
        <time>2026-09-16T09:41:47.432Z</time>
      </trkpt>
      <trkpt lat="61.5593190227531" lon="8.78030551989707">
        <ele>1185</ele>
        <time>2026-09-16T09:41:47.432Z</time>
      </trkpt>
      <trkpt lat="61.5590122355365" lon="8.78206651457825">
        <ele>1186</ele>
        <time>2026-09-16T09:41:47.432Z</time>
      </trkpt>
      <trkpt lat="61.5589160892891" lon="8.78331313429097">
        <ele>1180</ele>
        <time>2026-09-16T09:41:47.432Z</time>
      </trkpt>
      <trkpt lat="61.5588622675934" lon="8.78390927245137">
        <ele>1180</ele>
        <time>2026-09-16T09:41:47.432Z</time>
      </trkpt>
      <trkpt lat="61.5587587918635" lon="8.78479860024822">
        <ele>1180</ele>
        <time>2026-09-16T09:41:47.432Z</time>
      </trkpt>
      <trkpt lat="61.5587325912719" lon="8.78540806867957">
        <ele>1180</ele>
        <time>2026-09-16T09:41:47.432Z</time>
      </trkpt>
      <trkpt lat="61.5587360092979" lon="8.78548290857636">
        <ele>1180</ele>
        <time>2026-09-16T09:41:47.432Z</time>
      </trkpt>
      <trkpt lat="61.558772369875" lon="8.78647633017057">
        <ele>1186</ele>
        <time>2026-09-16T09:41:47.432Z</time>
      </trkpt>
      <trkpt lat="61.5587172982572" lon="8.78724264207227">
        <ele>1187</ele>
        <time>2026-09-16T09:41:47.432Z</time>
      </trkpt>
      <trkpt lat="61.5585569250092" lon="8.78846435071753">
        <ele>1189</ele>
        <time>2026-09-16T09:41:47.432Z</time>
      </trkpt>
      <trkpt lat="61.5585569250092" lon="8.78846435071753">
        <ele>1189</ele>
        <time>2026-09-16T09:41:47.432Z</time>
      </trkpt>
      <trkpt lat="61.5582231748456" lon="8.78983411057443">
        <ele>1197</ele>
        <time>2026-09-16T09:41:47.432Z</time>
      </trkpt>
      <trkpt lat="61.5578953072749" lon="8.79093832659672">
        <ele>1196</ele>
        <time>2026-09-16T09:41:47.432Z</time>
      </trkpt>
      <trkpt lat="61.5576825181936" lon="8.79160406647886">
        <ele>1193</ele>
        <time>2026-09-16T09:41:47.432Z</time>
      </trkpt>
      <trkpt lat="61.5575148128013" lon="8.79246844395906">
        <ele>1189</ele>
        <time>2026-09-16T09:41:47.432Z</time>
      </trkpt>
      <trkpt lat="61.5572345683821" lon="8.79382738264606">
        <ele>1189</ele>
        <time>2026-09-16T09:41:47.432Z</time>
      </trkpt>
      <trkpt lat="61.5570969660436" lon="8.79436473444222">
        <ele>1190</ele>
        <time>2026-09-16T09:41:47.432Z</time>
      </trkpt>
      <trkpt lat="61.5569797017432" lon="8.79455816050304">
        <ele>1188</ele>
        <time>2026-09-16T09:41:47.432Z</time>
      </trkpt>
      <trkpt lat="61.5568233260651" lon="8.79468390310491">
        <ele>1186</ele>
        <time>2026-09-16T09:41:47.432Z</time>
      </trkpt>
      <trkpt lat="61.5568144015164" lon="8.79468569178136">
        <ele>1186</ele>
        <time>2026-09-16T09:41:47.432Z</time>
      </trkpt>
      <trkpt lat="61.5566618309614" lon="8.79469739004472">
        <ele>1184</ele>
        <time>2026-09-16T09:41:47.432Z</time>
      </trkpt>
      <trkpt lat="61.556488390526" lon="8.7944489514874">
        <ele>1180</ele>
        <time>2026-09-16T09:41:47.432Z</time>
      </trkpt>
      <trkpt lat="61.5564875372692" lon="8.79443024254569">
        <ele>1180</ele>
        <time>2026-09-16T09:41:47.432Z</time>
      </trkpt>
      <trkpt lat="61.5564110213304" lon="8.7943322989362">
        <ele>1180</ele>
        <time>2026-09-16T09:41:47.432Z</time>
      </trkpt>
      <trkpt lat="61.5563914656982" lon="8.79429845866884">
        <ele>1180</ele>
        <time>2026-09-16T09:41:47.432Z</time>
      </trkpt>
      <trkpt lat="61.5561886910418" lon="8.79399926465789">
        <ele>1180</ele>
        <time>2026-09-16T09:41:47.432Z</time>
      </trkpt>
      <trkpt lat="61.5561219526812" lon="8.79391824288433">
        <ele>1180</ele>
        <time>2026-09-16T09:41:47.432Z</time>
      </trkpt>
      <trkpt lat="61.5560730633472" lon="8.79383364372581">
        <ele>1180</ele>
        <time>2026-09-16T09:41:47.432Z</time>
      </trkpt>
      <trkpt lat="61.555947657575" lon="8.79365110433036">
        <ele>1180</ele>
        <time>2026-09-16T09:41:47.432Z</time>
      </trkpt>
      <trkpt lat="61.5557393706545" lon="8.7934285415407">
        <ele>1180</ele>
        <time>2026-09-16T09:41:47.432Z</time>
      </trkpt>
      <trkpt lat="61.5555923112353" lon="8.79336362286129">
        <ele>1180</ele>
        <time>2026-09-16T09:41:47.432Z</time>
      </trkpt>
      <trkpt lat="61.555242084924" lon="8.79318839664392">
        <ele>1180</ele>
        <time>2026-09-16T09:41:47.432Z</time>
      </trkpt>
      <trkpt lat="61.5548391647307" lon="8.79304261612368">
        <ele>1180</ele>
        <time>2026-09-16T09:41:47.432Z</time>
      </trkpt>
      <trkpt lat="61.5545476059225" lon="8.79296890945698">
        <ele>1180</ele>
        <time>2026-09-16T09:41:47.432Z</time>
      </trkpt>
      <trkpt lat="61.554331320243" lon="8.79316329483789">
        <ele>1187</ele>
        <time>2026-09-16T09:41:47.432Z</time>
      </trkpt>
      <trkpt lat="61.5539842594562" lon="8.79404463566324">
        <ele>1190</ele>
        <time>2026-09-16T09:41:47.432Z</time>
      </trkpt>
      <trkpt lat="61.5536728229177" lon="8.79452237410132">
        <ele>1193</ele>
        <time>2026-09-16T09:41:47.432Z</time>
      </trkpt>
      <trkpt lat="61.5534420984425" lon="8.79479514824158">
        <ele>1195</ele>
        <time>2026-09-16T09:41:47.432Z</time>
      </trkpt>
      <trkpt lat="61.5531111036883" lon="8.79523903320893">
        <ele>1200</ele>
        <time>2026-09-16T09:41:47.432Z</time>
      </trkpt>
      <trkpt lat="61.5527877196206" lon="8.79545485130107">
        <ele>1200</ele>
        <time>2026-09-16T09:41:47.432Z</time>
      </trkpt>
      <trkpt lat="61.5525302193547" lon="8.79573297461505">
        <ele>1200</ele>
        <time>2026-09-16T09:41:47.432Z</time>
      </trkpt>
      <trkpt lat="61.5524337551441" lon="8.79579005626021">
        <ele>1200</ele>
        <time>2026-09-16T09:41:47.432Z</time>
      </trkpt>
      <trkpt lat="61.5522845964861" lon="8.7958765720304">
        <ele>1200</ele>
        <time>2026-09-16T09:41:47.432Z</time>
      </trkpt>
      <trkpt lat="61.5520504570143" lon="8.79607449811087">
        <ele>1205</ele>
        <time>2026-09-16T09:41:47.432Z</time>
      </trkpt>
      <trkpt lat="61.5515766642303" lon="8.79654695305377">
        <ele>1211</ele>
        <time>2026-09-16T09:41:47.432Z</time>
      </trkpt>
      <trkpt lat="61.5514496187332" lon="8.79672341708489">
        <ele>1213</ele>
        <time>2026-09-16T09:41:47.432Z</time>
      </trkpt>
      <trkpt lat="61.5513421279279" lon="8.79693371625255">
        <ele>1220</ele>
        <time>2026-09-16T09:41:47.432Z</time>
      </trkpt>
      <trkpt lat="61.5507281554427" lon="8.79788725478238">
        <ele>1214</ele>
        <time>2026-09-16T09:41:47.432Z</time>
      </trkpt>
      <trkpt lat="61.5500644369627" lon="8.7987374587459">
        <ele>1220</ele>
        <time>2026-09-16T09:41:47.432Z</time>
      </trkpt>
      <trkpt lat="61.5500304436845" lon="8.79878201719565">
        <ele>1219</ele>
        <time>2026-09-16T09:41:47.432Z</time>
      </trkpt>
      <trkpt lat="61.5499973029934" lon="8.79884528073812">
        <ele>1218</ele>
        <time>2026-09-16T09:41:47.432Z</time>
      </trkpt>
      <trkpt lat="61.5496969308181" lon="8.79956607356756">
        <ele>1220</ele>
        <time>2026-09-16T09:41:47.432Z</time>
      </trkpt>
      <trkpt lat="61.5496807865319" lon="8.7996070571111">
        <ele>1219</ele>
        <time>2026-09-16T09:41:47.432Z</time>
      </trkpt>
      <trkpt lat="61.5493293680262" lon="8.79999829410757">
        <ele>1220</ele>
        <time>2026-09-16T09:41:47.432Z</time>
      </trkpt>
      <trkpt lat="61.5491746913153" lon="8.80016138578553">
        <ele>1220</ele>
        <time>2026-09-16T09:41:47.432Z</time>
      </trkpt>
      <trkpt lat="61.5488402679951" lon="8.80053033252104">
        <ele>1220</ele>
        <time>2026-09-16T09:41:47.432Z</time>
      </trkpt>
      <trkpt lat="61.5486855905732" lon="8.80069341886816">
        <ele>1220</ele>
        <time>2026-09-16T09:41:47.432Z</time>
      </trkpt>
      <trkpt lat="61.5485925332621" lon="8.80082529509123">
        <ele>1220</ele>
        <time>2026-09-16T09:41:47.432Z</time>
      </trkpt>
      <trkpt lat="61.548029925417" lon="8.80152301509045">
        <ele>1220</ele>
        <time>2026-09-16T09:41:47.432Z</time>
      </trkpt>
      <trkpt lat="61.5473482411179" lon="8.80158393742772">
        <ele>1220</ele>
        <time>2026-09-16T09:41:47.432Z</time>
      </trkpt>
      <trkpt lat="61.5473125424058" lon="8.80159108138394">
        <ele>1220</ele>
        <time>2026-09-16T09:41:47.432Z</time>
      </trkpt>
      <trkpt lat="61.5469207087189" lon="8.80168836710237">
        <ele>1220</ele>
        <time>2026-09-16T09:41:47.432Z</time>
      </trkpt>
      <trkpt lat="61.5465174395321" lon="8.80212766537927">
        <ele>1220</ele>
        <time>2026-09-16T09:41:47.432Z</time>
      </trkpt>
      <trkpt lat="61.546301991262" lon="8.80234063714533">
        <ele>1220</ele>
        <time>2026-09-16T09:41:47.432Z</time>
      </trkpt>
      <trkpt lat="61.5458867910503" lon="8.80251807781624">
        <ele>1227</ele>
        <time>2026-09-16T09:41:47.432Z</time>
      </trkpt>
      <trkpt lat="61.5452994651321" lon="8.80267333082756">
        <ele>1234</ele>
        <time>2026-09-16T09:41:47.432Z</time>
      </trkpt>
      <trkpt lat="61.5450670184332" lon="8.80290856326392">
        <ele>1240</ele>
        <time>2026-09-16T09:41:47.432Z</time>
      </trkpt>
      <trkpt lat="61.5448596414492" lon="8.8031010315124">
        <ele>1240</ele>
        <time>2026-09-16T09:41:47.432Z</time>
      </trkpt>
      <trkpt lat="61.5447559528415" lon="8.80319726464717">
        <ele>1240</ele>
        <time>2026-09-16T09:41:47.432Z</time>
      </trkpt>
      <trkpt lat="61.5442332079487" lon="8.80318860084642">
        <ele>1249</ele>
        <time>2026-09-16T09:41:47.432Z</time>
      </trkpt>
      <trkpt lat="61.5436913146521" lon="8.80295730346016">
        <ele>1263</ele>
        <time>2026-09-16T09:41:47.432Z</time>
      </trkpt>
      <trkpt lat="61.5435030438342" lon="8.80297609360351">
        <ele>1260</ele>
        <time>2026-09-16T09:41:47.432Z</time>
      </trkpt>
      <trkpt lat="61.5434754177295" lon="8.80296274810042">
        <ele>1261</ele>
        <time>2026-09-16T09:41:47.432Z</time>
      </trkpt>
      <trkpt lat="61.5432769652228" lon="8.80315342025829">
        <ele>1265</ele>
        <time>2026-09-16T09:41:47.432Z</time>
      </trkpt>
      <trkpt lat="61.5430942524954" lon="8.80349191435224">
        <ele>1268</ele>
        <time>2026-09-16T09:41:47.432Z</time>
      </trkpt>
      <trkpt lat="61.5428907276779" lon="8.80396666715916">
        <ele>1272</ele>
        <time>2026-09-16T09:41:47.432Z</time>
      </trkpt>
      <trkpt lat="61.5426455773333" lon="8.80471393627036">
        <ele>1277</ele>
        <time>2026-09-16T09:41:47.432Z</time>
      </trkpt>
      <trkpt lat="61.5424080873453" lon="8.80562950146311">
        <ele>1280</ele>
        <time>2026-09-16T09:41:47.432Z</time>
      </trkpt>
      <trkpt lat="61.5422768043784" lon="8.80610865618593">
        <ele>1283</ele>
        <time>2026-09-16T09:41:47.432Z</time>
      </trkpt>
      <trkpt lat="61.5417996565099" lon="8.80769483909997">
        <ele>1289</ele>
        <time>2026-09-16T09:41:47.432Z</time>
      </trkpt>
      <trkpt lat="61.5414614193936" lon="8.80857387500104">
        <ele>1299</ele>
        <time>2026-09-16T09:41:47.432Z</time>
      </trkpt>
      <trkpt lat="61.541378129681" lon="8.8087226129063">
        <ele>1300</ele>
        <time>2026-09-16T09:41:47.432Z</time>
      </trkpt>
      <trkpt lat="61.5409204586937" lon="8.80955000710097">
        <ele>1314</ele>
        <time>2026-09-16T09:41:47.432Z</time>
      </trkpt>
      <trkpt lat="61.5407564298734" lon="8.80990357170988">
        <ele>1320</ele>
        <time>2026-09-16T09:41:47.432Z</time>
      </trkpt>
      <trkpt lat="61.5405010345194" lon="8.81042634461547">
        <ele>1330</ele>
        <time>2026-09-16T09:41:47.432Z</time>
      </trkpt>
      <trkpt lat="61.5402222659473" lon="8.81102925620408">
        <ele>1340</ele>
        <time>2026-09-16T09:41:47.432Z</time>
      </trkpt>
      <trkpt lat="61.5401147513217" lon="8.81123942870079">
        <ele>1342</ele>
        <time>2026-09-16T09:41:47.432Z</time>
      </trkpt>
      <trkpt lat="61.5395427566156" lon="8.81252357357927">
        <ele>1347</ele>
        <time>2026-09-16T09:41:47.432Z</time>
      </trkpt>
      <trkpt lat="61.5393175275483" lon="8.81311575524322">
        <ele>1347</ele>
        <time>2026-09-16T09:41:47.432Z</time>
      </trkpt>
      <trkpt lat="61.5390978187412" lon="8.81363134980787">
        <ele>1349</ele>
        <time>2026-09-16T09:41:47.432Z</time>
      </trkpt>
      <trkpt lat="61.5389044527196" lon="8.81393412036631">
        <ele>1350</ele>
        <time>2026-09-16T09:41:47.432Z</time>
      </trkpt>
      <trkpt lat="61.5385019906201" lon="8.81439184100579">
        <ele>1360</ele>
        <time>2026-09-16T09:41:47.432Z</time>
      </trkpt>
      <trkpt lat="61.537926558492" lon="8.81520483531337">
        <ele>1360</ele>
        <time>2026-09-16T09:41:47.432Z</time>
      </trkpt>
      <trkpt lat="61.5373515443963" lon="8.81582903606327">
        <ele>1360</ele>
        <time>2026-09-16T09:41:47.432Z</time>
      </trkpt>
      <trkpt lat="61.5367425251492" lon="8.81610151606001">
        <ele>1360</ele>
        <time>2026-09-16T09:41:47.432Z</time>
      </trkpt>
      <trkpt lat="61.5358666069745" lon="8.8164461089425">
        <ele>1360</ele>
        <time>2026-09-16T09:41:47.432Z</time>
      </trkpt>
      <trkpt lat="61.5354165350991" lon="8.81664911433852">
        <ele>1360</ele>
        <time>2026-09-16T09:41:47.432Z</time>
      </trkpt>
      <trkpt lat="61.5341071166408" lon="8.81736314872401">
        <ele>1360</ele>
        <time>2026-09-16T09:41:47.432Z</time>
      </trkpt>
      <trkpt lat="61.5335703430633" lon="8.81764001968247">
        <ele>1360</ele>
        <time>2026-09-16T09:41:47.432Z</time>
      </trkpt>
      <trkpt lat="61.5335435681609" lon="8.81764536076337">
        <ele>1360</ele>
        <time>2026-09-16T09:41:47.432Z</time>
      </trkpt>
      <trkpt lat="61.5332001699081" lon="8.81761953473731">
        <ele>1360</ele>
        <time>2026-09-16T09:41:47.432Z</time>
      </trkpt>
      <trkpt lat="61.532955796192" lon="8.81759282105389">
        <ele>1360</ele>
        <time>2026-09-16T09:41:47.432Z</time>
      </trkpt>
      <trkpt lat="61.532503174413" lon="8.81734353970143">
        <ele>1360</ele>
        <time>2026-09-16T09:41:47.432Z</time>
      </trkpt>
      <trkpt lat="61.5321903763532" lon="8.81719842496736">
        <ele>1360</ele>
        <time>2026-09-16T09:41:47.432Z</time>
      </trkpt>
      <trkpt lat="61.5319630025667" lon="8.81714945925939">
        <ele>1376</ele>
        <time>2026-09-16T09:41:47.432Z</time>
      </trkpt>
      <trkpt lat="61.5317386039647" lon="8.81696784976568">
        <ele>1377</ele>
        <time>2026-09-16T09:41:47.432Z</time>
      </trkpt>
      <trkpt lat="61.5313110561028" lon="8.81667585578322">
        <ele>1374</ele>
        <time>2026-09-16T09:41:47.432Z</time>
      </trkpt>
      <trkpt lat="61.5310662569383" lon="8.81644173099543">
        <ele>1377</ele>
        <time>2026-09-16T09:41:47.432Z</time>
      </trkpt>
      <trkpt lat="61.5303599085924" lon="8.81596014475301">
        <ele>1377</ele>
        <time>2026-09-16T09:41:47.432Z</time>
      </trkpt>
      <trkpt lat="61.5301061834129" lon="8.81572781307631">
        <ele>1377</ele>
        <time>2026-09-16T09:41:47.432Z</time>
      </trkpt>
      <trkpt lat="61.5297708562952" lon="8.81528540721239">
        <ele>1380</ele>
        <time>2026-09-16T09:41:47.432Z</time>
      </trkpt>
      <trkpt lat="61.529150774789" lon="8.81452257144872">
        <ele>1380</ele>
        <time>2026-09-16T09:41:47.432Z</time>
      </trkpt>
      <trkpt lat="61.5289969221381" lon="8.81430805555844">
        <ele>1380</ele>
        <time>2026-09-16T09:41:47.432Z</time>
      </trkpt>
      <trkpt lat="61.5287461668472" lon="8.81394311538657">
        <ele>1380</ele>
        <time>2026-09-16T09:41:47.432Z</time>
      </trkpt>
      <trkpt lat="61.5281592266553" lon="8.81311712819534">
        <ele>1380</ele>
        <time>2026-09-16T09:41:47.432Z</time>
      </trkpt>
      <trkpt lat="61.5274626314739" lon="8.81225647285772">
        <ele>1374</ele>
        <time>2026-09-16T09:41:47.432Z</time>
      </trkpt>
      <trkpt lat="61.5263508008177" lon="8.81117696577181">
        <ele>1380</ele>
        <time>2026-09-16T09:41:47.432Z</time>
      </trkpt>
      <trkpt lat="61.5261361707918" lon="8.81101233996212">
        <ele>1380</ele>
        <time>2026-09-16T09:41:47.432Z</time>
      </trkpt>
      <trkpt lat="61.5255279791143" lon="8.81051134851087">
        <ele>1380</ele>
        <time>2026-09-16T09:41:47.432Z</time>
      </trkpt>
      <trkpt lat="61.5252712765925" lon="8.81041171279377">
        <ele>1380</ele>
        <time>2026-09-16T09:41:47.432Z</time>
      </trkpt>
      <trkpt lat="61.5250723772889" lon="8.81039484069081">
        <ele>1383</ele>
        <time>2026-09-16T09:41:47.432Z</time>
      </trkpt>
      <trkpt lat="61.5249814270807" lon="8.81037527760416">
        <ele>1383</ele>
        <time>2026-09-16T09:41:47.432Z</time>
      </trkpt>
      <trkpt lat="61.5247906018033" lon="8.81033793353518">
        <ele>1384</ele>
        <time>2026-09-16T09:41:47.432Z</time>
      </trkpt>
      <trkpt lat="61.5244221302303" lon="8.81035491589824">
        <ele>1384</ele>
        <time>2026-09-16T09:41:47.432Z</time>
      </trkpt>
      <trkpt lat="61.5233490115964" lon="8.81032397398591">
        <ele>1380</ele>
        <time>2026-09-16T09:41:47.432Z</time>
      </trkpt>
      <trkpt lat="61.5230268658985" lon="8.81036942514184">
        <ele>1380</ele>
        <time>2026-09-16T09:41:47.432Z</time>
      </trkpt>
      <trkpt lat="61.5222771776387" lon="8.81051908095588">
        <ele>1380</ele>
        <time>2026-09-16T09:41:47.432Z</time>
      </trkpt>
      <trkpt lat="61.5220362063496" lon="8.81056718285389">
        <ele>1380</ele>
        <time>2026-09-16T09:41:47.432Z</time>
      </trkpt>
      <trkpt lat="61.5211615695627" lon="8.81074176774913">
        <ele>1380</ele>
        <time>2026-09-16T09:41:47.432Z</time>
      </trkpt>
      <trkpt lat="61.5210901706235" lon="8.81075601908037">
        <ele>1380</ele>
        <time>2026-09-16T09:41:47.432Z</time>
      </trkpt>
      <trkpt lat="61.5203842552379" lon="8.81087805912597">
        <ele>1380</ele>
        <time>2026-09-16T09:41:47.432Z</time>
      </trkpt>
      <trkpt lat="61.5198292117788" lon="8.81095112400234">
        <ele>1380</ele>
        <time>2026-09-16T09:41:47.432Z</time>
      </trkpt>
      <trkpt lat="61.5192928686654" lon="8.81103931046114">
        <ele>1380</ele>
        <time>2026-09-16T09:41:47.432Z</time>
      </trkpt>
      <trkpt lat="61.5188258048873" lon="8.81126452054903">
        <ele>1380</ele>
        <time>2026-09-16T09:41:47.432Z</time>
      </trkpt>
      <trkpt lat="61.518296698195" lon="8.81170952394322">
        <ele>1384</ele>
        <time>2026-09-16T09:41:47.432Z</time>
      </trkpt>
      <trkpt lat="61.5182894744796" lon="8.81174867806302">
        <ele>1383</ele>
        <time>2026-09-16T09:41:47.432Z</time>
      </trkpt>
      <trkpt lat="61.5181037646216" lon="8.81221942811471">
        <ele>1380</ele>
        <time>2026-09-16T09:41:47.432Z</time>
      </trkpt>
      <trkpt lat="61.5180310950826" lon="8.81240363313204">
        <ele>1380</ele>
        <time>2026-09-16T09:41:47.432Z</time>
      </trkpt>
      <trkpt lat="61.5178993527976" lon="8.81267504741282">
        <ele>1381</ele>
        <time>2026-09-16T09:41:47.432Z</time>
      </trkpt>
      <trkpt lat="61.5178322057858" lon="8.81278272415118">
        <ele>1380</ele>
        <time>2026-09-16T09:41:47.432Z</time>
      </trkpt>
      <trkpt lat="61.5175151695448" lon="8.81333622616906">
        <ele>1382</ele>
        <time>2026-09-16T09:41:47.432Z</time>
      </trkpt>
      <trkpt lat="61.517211729305" lon="8.81379272625457">
        <ele>1384</ele>
        <time>2026-09-16T09:41:47.432Z</time>
      </trkpt>
      <trkpt lat="61.5169138114001" lon="8.81417269380148">
        <ele>1384</ele>
        <time>2026-09-16T09:41:47.432Z</time>
      </trkpt>
      <trkpt lat="61.5165500170117" lon="8.81449037126415">
        <ele>1378</ele>
        <time>2026-09-16T09:41:47.432Z</time>
      </trkpt>
      <trkpt lat="61.5164390939272" lon="8.81462562472906">
        <ele>1380</ele>
        <time>2026-09-16T09:41:47.432Z</time>
      </trkpt>
      <trkpt lat="61.5162933210814" lon="8.81478668235141">
        <ele>1376</ele>
        <time>2026-09-16T09:41:47.432Z</time>
      </trkpt>
      <trkpt lat="61.5159295250664" lon="8.81510434593426">
        <ele>1365</ele>
        <time>2026-09-16T09:41:47.432Z</time>
      </trkpt>
      <trkpt lat="61.5155181273313" lon="8.81516752965949">
        <ele>1360</ele>
        <time>2026-09-16T09:41:47.432Z</time>
      </trkpt>
      <trkpt lat="61.5152316788442" lon="8.81520579567864">
        <ele>1356</ele>
        <time>2026-09-16T09:41:47.432Z</time>
      </trkpt>
      <trkpt lat="61.5146919313761" lon="8.81521915289607">
        <ele>1352</ele>
        <time>2026-09-16T09:41:47.432Z</time>
      </trkpt>
      <trkpt lat="61.5142835079157" lon="8.81514976181098">
        <ele>1349</ele>
        <time>2026-09-16T09:41:47.432Z</time>
      </trkpt>
      <trkpt lat="61.5138708339406" lon="8.81498695193417">
        <ele>1346</ele>
        <time>2026-09-16T09:41:47.432Z</time>
      </trkpt>
      <trkpt lat="61.5133068593532" lon="8.814665783668">
        <ele>1348</ele>
        <time>2026-09-16T09:41:47.432Z</time>
      </trkpt>
      <trkpt lat="61.5127343861275" lon="8.81455370294507">
        <ele>1342</ele>
        <time>2026-09-16T09:41:47.432Z</time>
      </trkpt>
      <trkpt lat="61.5126612862737" lon="8.81453057390693">
        <ele>1340</ele>
        <time>2026-09-16T09:41:47.432Z</time>
      </trkpt>
      <trkpt lat="61.5121699876177" lon="8.81442116303276">
        <ele>1337</ele>
        <time>2026-09-16T09:41:47.432Z</time>
      </trkpt>
      <trkpt lat="61.5117305381748" lon="8.81426371147913">
        <ele>1331</ele>
        <time>2026-09-16T09:41:47.432Z</time>
      </trkpt>
      <trkpt lat="61.5111601880063" lon="8.81400040326679">
        <ele>1323</ele>
        <time>2026-09-16T09:41:47.432Z</time>
      </trkpt>
      <trkpt lat="61.510709262542" lon="8.81378869537834">
        <ele>1320</ele>
        <time>2026-09-16T09:41:47.432Z</time>
      </trkpt>
      <trkpt lat="61.510691412677" lon="8.81379225492344">
        <ele>1320</ele>
        <time>2026-09-16T09:41:47.432Z</time>
      </trkpt>
      <trkpt lat="61.5099170665118" lon="8.81379585774179">
        <ele>1313</ele>
        <time>2026-09-16T09:41:47.432Z</time>
      </trkpt>
      <trkpt lat="61.5094606217877" lon="8.81405653360749">
        <ele>1303</ele>
        <time>2026-09-16T09:41:47.432Z</time>
      </trkpt>
      <trkpt lat="61.5093309986355" lon="8.81417663406065">
        <ele>1300</ele>
        <time>2026-09-16T09:41:47.432Z</time>
      </trkpt>
      <trkpt lat="61.5088465043938" lon="8.81461254598509">
        <ele>1289</ele>
        <time>2026-09-16T09:41:47.432Z</time>
      </trkpt>
      <trkpt lat="61.5084937568952" lon="8.81477712515209">
        <ele>1287</ele>
        <time>2026-09-16T09:41:47.432Z</time>
      </trkpt>
      <trkpt lat="61.5081439835702" lon="8.81480915676135">
        <ele>1294</ele>
        <time>2026-09-16T09:41:47.432Z</time>
      </trkpt>
      <trkpt lat="61.5075978590872" lon="8.8144844862283">
        <ele>1281</ele>
        <time>2026-09-16T09:41:47.432Z</time>
      </trkpt>
      <trkpt lat="61.5075417590185" lon="8.81443912153965">
        <ele>1280</ele>
        <time>2026-09-16T09:41:47.432Z</time>
      </trkpt>
      <trkpt lat="61.5071528820435" lon="8.81400771376706">
        <ele>1266</ele>
        <time>2026-09-16T09:41:47.432Z</time>
      </trkpt>
      <trkpt lat="61.5070440823813" lon="8.813991707198">
        <ele>1260</ele>
        <time>2026-09-16T09:41:47.432Z</time>
      </trkpt>
      <trkpt lat="61.5065294094459" lon="8.8139623762672">
        <ele>1240</ele>
        <time>2026-09-16T09:41:47.432Z</time>
      </trkpt>
      <trkpt lat="61.5064660846725" lon="8.81395615256044">
        <ele>1242</ele>
        <time>2026-09-16T09:41:47.432Z</time>
      </trkpt>
      <trkpt lat="61.5059029631462" lon="8.81404957393284">
        <ele>1235</ele>
        <time>2026-09-16T09:41:47.432Z</time>
      </trkpt>
      <trkpt lat="61.5057299885408" lon="8.81400866467331">
        <ele>1235</ele>
        <time>2026-09-16T09:41:47.432Z</time>
      </trkpt>
      <trkpt lat="61.5051196917066" lon="8.81405494212722">
        <ele>1229</ele>
        <time>2026-09-16T09:41:47.432Z</time>
      </trkpt>
      <trkpt lat="61.5045578435141" lon="8.81397847105223">
        <ele>1221</ele>
        <time>2026-09-16T09:41:47.432Z</time>
      </trkpt>
      <trkpt lat="61.5045310686827" lon="8.81398380883955">
        <ele>1220</ele>
        <time>2026-09-16T09:41:47.432Z</time>
      </trkpt>
      <trkpt lat="61.5041621684636" lon="8.81379348351653">
        <ele>1222</ele>
        <time>2026-09-16T09:41:47.432Z</time>
      </trkpt>
      <trkpt lat="61.5040979934909" lon="8.81376858219404">
        <ele>1222</ele>
        <time>2026-09-16T09:41:47.432Z</time>
      </trkpt>
      <trkpt lat="61.5040240433761" lon="8.81372678215084">
        <ele>1222</ele>
        <time>2026-09-16T09:41:47.432Z</time>
      </trkpt>
      <trkpt lat="61.5039687933338" lon="8.81370010176116">
        <ele>1222</ele>
        <time>2026-09-16T09:41:47.432Z</time>
      </trkpt>
      <trkpt lat="61.5039118428703" lon="8.81363606538426">
        <ele>1222</ele>
        <time>2026-09-16T09:41:47.432Z</time>
      </trkpt>
      <trkpt lat="61.5038646675359" lon="8.81358892791522">
        <ele>1220</ele>
        <time>2026-09-16T09:41:47.432Z</time>
      </trkpt>
      <trkpt lat="61.5037809422139" lon="8.81353022995936">
        <ele>1220</ele>
        <time>2026-09-16T09:41:47.432Z</time>
      </trkpt>
      <trkpt lat="61.5036802172276" lon="8.8134937688901">
        <ele>1220</ele>
        <time>2026-09-16T09:41:47.432Z</time>
      </trkpt>
      <trkpt lat="61.5035811926947" lon="8.81349466370434">
        <ele>1220</ele>
        <time>2026-09-16T09:41:47.432Z</time>
      </trkpt>
      <trkpt lat="61.5035097931984" lon="8.81350889831136">
        <ele>1215</ele>
        <time>2026-09-16T09:41:47.432Z</time>
      </trkpt>
      <trkpt lat="61.5034116188867" lon="8.81352847077376">
        <ele>1215</ele>
        <time>2026-09-16T09:41:47.432Z</time>
      </trkpt>
      <trkpt lat="61.5033198188405" lon="8.81349023076209">
        <ele>1214</ele>
        <time>2026-09-16T09:41:47.432Z</time>
      </trkpt>
      <trkpt lat="61.5032645687631" lon="8.81346355132766">
        <ele>1214</ele>
        <time>2026-09-16T09:41:47.432Z</time>
      </trkpt>
      <trkpt lat="61.5032369437227" lon="8.813450211644">
        <ele>1214</ele>
        <time>2026-09-16T09:41:47.432Z</time>
      </trkpt>
      <trkpt lat="61.5032190938495" lon="8.81345377027732">
        <ele>1214</ele>
        <time>2026-09-16T09:41:47.432Z</time>
      </trkpt>
      <trkpt lat="61.5032012439762" lon="8.81345732890595">
        <ele>1214</ele>
        <time>2026-09-16T09:41:47.432Z</time>
      </trkpt>
      <trkpt lat="61.5031583197434" lon="8.81350358061614">
        <ele>1213</ele>
        <time>2026-09-16T09:41:47.432Z</time>
      </trkpt>
      <trkpt lat="61.5031323951515" lon="8.81352759606647">
        <ele>1212</ele>
        <time>2026-09-16T09:41:47.432Z</time>
      </trkpt>
      <trkpt lat="61.5031047701172" lon="8.81351425637541">
        <ele>1212</ele>
        <time>2026-09-16T09:41:47.432Z</time>
      </trkpt>
      <trkpt lat="61.5030690703656" lon="8.81352137352486">
        <ele>1212</ele>
        <time>2026-09-16T09:41:47.432Z</time>
      </trkpt>
      <trkpt lat="61.5030218950082" lon="8.81347423743645">
        <ele>1212</ele>
        <time>2026-09-16T09:41:47.432Z</time>
      </trkpt>
      <trkpt lat="61.5029755698672" lon="8.81344577895648">
        <ele>1212</ele>
        <time>2026-09-16T09:41:47.432Z</time>
      </trkpt>
      <trkpt lat="61.5029479448265" lon="8.81343243939785">
        <ele>1211</ele>
        <time>2026-09-16T09:41:47.432Z</time>
      </trkpt>
      <trkpt lat="61.5029300949531" lon="8.8134359979986">
        <ele>1211</ele>
        <time>2026-09-16T09:41:47.432Z</time>
      </trkpt>
      <trkpt lat="61.5028863204967" lon="8.81346357189561">
        <ele>1210</ele>
        <time>2026-09-16T09:41:47.432Z</time>
      </trkpt>
      <trkpt lat="61.5028684706221" lon="8.8134671304694">
        <ele>1210</ele>
        <time>2026-09-16T09:41:47.432Z</time>
      </trkpt>
      <trkpt lat="61.5028506207474" lon="8.8134706890385">
        <ele>1209</ele>
        <time>2026-09-16T09:41:47.432Z</time>
      </trkpt>
      <trkpt lat="61.5028149209973" lon="8.81347780616267">
        <ele>1209</ele>
        <time>2026-09-16T09:41:47.432Z</time>
      </trkpt>
      <trkpt lat="61.5027970711221" lon="8.81348136471774">
        <ele>1208</ele>
        <time>2026-09-16T09:41:47.432Z</time>
      </trkpt>
      <trkpt lat="61.502761371371" lon="8.81348848181384">
        <ele>1208</ele>
        <time>2026-09-16T09:41:47.432Z</time>
      </trkpt>
      <trkpt lat="61.5027354467772" lon="8.81351249695053">
        <ele>1207</ele>
        <time>2026-09-16T09:41:47.432Z</time>
      </trkpt>
      <trkpt lat="61.5027095221786" lon="8.81353651204614">
        <ele>1206</ele>
        <time>2026-09-16T09:41:47.432Z</time>
      </trkpt>
      <trkpt lat="61.5026925225143" lon="8.81355874785478">
        <ele>1206</ele>
        <time>2026-09-16T09:41:47.432Z</time>
      </trkpt>
      <trkpt lat="61.5026835975751" lon="8.81356052710065">
        <ele>1205</ele>
        <time>2026-09-16T09:41:47.432Z</time>
      </trkpt>
      <trkpt lat="61.5026657476967" lon="8.81356408558889">
        <ele>1205</ele>
        <time>2026-09-16T09:41:47.432Z</time>
      </trkpt>
      <trkpt lat="61.5026568227574" lon="8.81356586483126">
        <ele>1205</ele>
        <time>2026-09-16T09:41:47.432Z</time>
      </trkpt>
      <trkpt lat="61.5026495982338" lon="8.8136049986287">
        <ele>1204</ele>
        <time>2026-09-16T09:41:47.432Z</time>
      </trkpt>
      <trkpt lat="61.5026245238173" lon="8.81364769084273">
        <ele>1204</ele>
        <time>2026-09-16T09:41:47.432Z</time>
      </trkpt>
      <trkpt lat="61.5026002995783" lon="8.8137090602403">
        <ele>1203</ele>
        <time>2026-09-16T09:41:47.432Z</time>
      </trkpt>
      <trkpt lat="61.5025913746365" lon="8.81371083943629">
        <ele>1203</ele>
        <time>2026-09-16T09:41:47.432Z</time>
      </trkpt>
      <trkpt lat="61.5025824496947" lon="8.81371261863111">
        <ele>1203</ele>
        <time>2026-09-16T09:41:47.432Z</time>
      </trkpt>
      <trkpt lat="61.5025735247528" lon="8.81371439782476">
        <ele>1203</ele>
        <time>2026-09-16T09:41:47.432Z</time>
      </trkpt>
      <trkpt lat="61.5025556748689" lon="8.81371795620855">
        <ele>1202</ele>
        <time>2026-09-16T09:41:47.432Z</time>
      </trkpt>
      <trkpt lat="61.5025378249848" lon="8.81372151458767">
        <ele>1202</ele>
        <time>2026-09-16T09:41:47.432Z</time>
      </trkpt>
      <trkpt lat="61.5025199751006" lon="8.8137250729621">
        <ele>1201</ele>
        <time>2026-09-16T09:41:47.432Z</time>
      </trkpt>
      <trkpt lat="61.5025110501584" lon="8.81372685214757">
        <ele>1201</ele>
        <time>2026-09-16T09:41:47.432Z</time>
      </trkpt>
      <trkpt lat="61.502493200274" lon="8.81373041051498">
        <ele>1201</ele>
        <time>2026-09-16T09:41:47.432Z</time>
      </trkpt>
      <trkpt lat="61.5024753503893" lon="8.81373396887772">
        <ele>1200</ele>
        <time>2026-09-16T09:41:47.432Z</time>
      </trkpt>
      <trkpt lat="61.5024477253754" lon="8.81372062925012">
        <ele>1199</ele>
        <time>2026-09-16T09:41:47.432Z</time>
      </trkpt>
      <trkpt lat="61.5024111754186" lon="8.81370906882805">
        <ele>1198</ele>
        <time>2026-09-16T09:41:47.432Z</time>
      </trkpt>
      <trkpt lat="61.5023844005923" lon="8.81371440637054">
        <ele>1197</ele>
        <time>2026-09-16T09:41:47.432Z</time>
      </trkpt>
      <trkpt lat="61.5023576257656" lon="8.8137197439025">
        <ele>1196</ele>
        <time>2026-09-16T09:41:47.432Z</time>
      </trkpt>
      <trkpt lat="61.5023308509386" lon="8.81372508142393">
        <ele>1196</ele>
        <time>2026-09-16T09:41:47.432Z</time>
      </trkpt>
      <trkpt lat="61.5023308509386" lon="8.81372508142393">
        <ele>1196</ele>
        <time>2026-09-16T09:41:47.432Z</time>
      </trkpt>
      <trkpt lat="61.5023138512381" lon="8.81374731684815">
        <ele>1195</ele>
        <time>2026-09-16T09:41:47.432Z</time>
      </trkpt>
      <trkpt lat="61.5023049262953" lon="8.813749096012">
        <ele>1195</ele>
        <time>2026-09-16T09:41:47.432Z</time>
      </trkpt>
      <trkpt lat="61.5022960013524" lon="8.81375087517467">
        <ele>1194</ele>
        <time>2026-09-16T09:41:47.432Z</time>
      </trkpt>
      <trkpt lat="61.5022862262261" lon="8.81373397726959">
        <ele>1194</ele>
        <time>2026-09-16T09:41:47.432Z</time>
      </trkpt>
      <trkpt lat="61.5022862262261" lon="8.81373397726959">
        <ele>1194</ele>
        <time>2026-09-16T09:41:47.432Z</time>
      </trkpt>
      <trkpt lat="61.5022675261554" lon="8.81371885854482">
        <ele>1194</ele>
        <time>2026-09-16T09:41:47.432Z</time>
      </trkpt>
      <trkpt lat="61.5022683763408" lon="8.81373753559966">
        <ele>1194</ele>
        <time>2026-09-16T09:41:47.432Z</time>
      </trkpt>
      <trkpt lat="61.502259451398" lon="8.81373931476294">
        <ele>1193</ele>
        <time>2026-09-16T09:41:47.432Z</time>
      </trkpt>
      <trkpt lat="61.5022513766375" lon="8.81375977097049">
        <ele>1193</ele>
        <time>2026-09-16T09:41:47.432Z</time>
      </trkpt>
      <trkpt lat="61.5022343769302" lon="8.81378200631666">
        <ele>1193</ele>
        <time>2026-09-16T09:41:47.432Z</time>
      </trkpt>
      <trkpt lat="61.5021413035491" lon="8.81391363877236">
        <ele>1189</ele>
        <time>2026-09-16T09:41:47.432Z</time>
      </trkpt>
      <trkpt lat="61.5020716042889" lon="8.81396522545574">
        <ele>1187</ele>
        <time>2026-09-16T09:41:47.432Z</time>
      </trkpt>
      <trkpt lat="61.5020546045446" lon="8.81398746055709">
        <ele>1187</ele>
        <time>2026-09-16T09:41:47.432Z</time>
      </trkpt>
      <trkpt lat="61.5020376047965" lon="8.81400969563377">
        <ele>1186</ele>
        <time>2026-09-16T09:41:47.432Z</time>
      </trkpt>
      <trkpt lat="61.5020295299923" lon="8.81403015162401">
        <ele>1186</ele>
        <time>2026-09-16T09:41:47.432Z</time>
      </trkpt>
      <trkpt lat="61.5020125302365" lon="8.814052386659">
        <ele>1185</ele>
        <time>2026-09-16T09:41:47.432Z</time>
      </trkpt>
      <trkpt lat="61.5019883057939" lon="8.81411375451516">
        <ele>1185</ele>
        <time>2026-09-16T09:41:47.432Z</time>
      </trkpt>
      <trkpt lat="61.5019721561493" lon="8.81415466636638">
        <ele>1185</ele>
        <time>2026-09-16T09:41:47.432Z</time>
      </trkpt>
      <trkpt lat="61.5019130819668" lon="8.81424182692656">
        <ele>1183</ele>
        <time>2026-09-16T09:41:47.432Z</time>
      </trkpt>
      <trkpt lat="61.5018790823766" lon="8.81428629657021">
        <ele>1183</ele>
        <time>2026-09-16T09:41:47.432Z</time>
      </trkpt>
      <trkpt lat="61.5018531576226" lon="8.81431031032469">
        <ele>1182</ele>
        <time>2026-09-16T09:41:47.432Z</time>
      </trkpt>
      <trkpt lat="61.5018263827637" lon="8.81431564722664">
        <ele>1181</ele>
        <time>2026-09-16T09:41:47.432Z</time>
      </trkpt>
      <trkpt lat="61.501781757998" lon="8.81432454203981">
        <ele>1180</ele>
        <time>2026-09-16T09:41:47.432Z</time>
      </trkpt>
      <trkpt lat="61.5017282082777" lon="8.81433521577702">
        <ele>1179</ele>
        <time>2026-09-16T09:41:47.432Z</time>
      </trkpt>
      <trkpt lat="61.5016925084634" lon="8.81434233157843">
        <ele>1178</ele>
        <time>2026-09-16T09:41:47.432Z</time>
      </trkpt>
      <trkpt lat="61.501674658556" lon="8.81434588947212">
        <ele>1178</ele>
        <time>2026-09-16T09:41:47.432Z</time>
      </trkpt>
      <trkpt lat="61.5016665836967" lon="8.8143663451335">
        <ele>1178</ele>
        <time>2026-09-16T09:41:47.432Z</time>
      </trkpt>
      <trkpt lat="61.5016495838797" lon="8.81438857971647">
        <ele>1178</ele>
        <time>2026-09-16T09:41:47.432Z</time>
      </trkpt>
      <trkpt lat="61.5016406589252" lon="8.81439035864748">
        <ele>1178</ele>
        <time>2026-09-16T09:41:47.432Z</time>
      </trkpt>
      <trkpt lat="61.5016138840614" lon="8.81439569543348">
        <ele>1177</ele>
        <time>2026-09-16T09:41:47.432Z</time>
      </trkpt>
      <trkpt lat="61.5015603343326" lon="8.81440636897389">
        <ele>1176</ele>
        <time>2026-09-16T09:41:47.432Z</time>
      </trkpt>
      <trkpt lat="61.5015148594708" lon="8.81439658693117">
        <ele>1176</ele>
        <time>2026-09-16T09:41:47.432Z</time>
      </trkpt>
      <trkpt lat="61.5014702346962" lon="8.81440548151321">
        <ele>1175</ele>
        <time>2026-09-16T09:41:47.432Z</time>
      </trkpt>
      <trkpt lat="61.5014345348757" lon="8.81441259715779">
        <ele>1174</ele>
        <time>2026-09-16T09:41:47.432Z</time>
      </trkpt>
      <trkpt lat="61.5014077600099" lon="8.81441793387895">
        <ele>1174</ele>
        <time>2026-09-16T09:41:47.432Z</time>
      </trkpt>
      <trkpt lat="61.5013818352257" lon="8.81444194713783">
        <ele>1173</ele>
        <time>2026-09-16T09:41:47.432Z</time>
      </trkpt>
      <trkpt lat="61.5013648353928" lon="8.81446418146735">
        <ele>1173</ele>
        <time>2026-09-16T09:41:47.432Z</time>
      </trkpt>
      <trkpt lat="61.5013299856428" lon="8.81448997353236">
        <ele>1173</ele>
        <time>2026-09-16T09:41:47.432Z</time>
      </trkpt>
      <trkpt lat="61.5013121357294" lon="8.81449353128783">
        <ele>1173</ele>
        <time>2026-09-16T09:41:47.432Z</time>
      </trkpt>
      <trkpt lat="61.5013121357294" lon="8.81449353128783">
        <ele>1172</ele>
        <time>2026-09-16T09:41:47.432Z</time>
      </trkpt>
      <trkpt lat="61.5012683610155" lon="8.81452110213909">
        <ele>1172</ele>
        <time>2026-09-16T09:41:47.432Z</time>
      </trkpt>
      <trkpt lat="61.5012513611679" lon="8.81454333634124">
        <ele>1172</ele>
        <time>2026-09-16T09:41:47.432Z</time>
      </trkpt>
      <trkpt lat="61.5012245862948" lon="8.81454867290939">
        <ele>1171</ele>
        <time>2026-09-16T09:41:47.432Z</time>
      </trkpt>
      <trkpt lat="61.501171886609" lon="8.81457802244133">
        <ele>1170</ele>
        <time>2026-09-16T09:41:47.432Z</time>
      </trkpt>
      <trkpt lat="61.5011272618168" lon="8.81458691663668">
        <ele>1169</ele>
        <time>2026-09-16T09:41:47.432Z</time>
      </trkpt>
      <trkpt lat="61.5010817869651" lon="8.81457713442844">
        <ele>1168</ele>
        <time>2026-09-16T09:41:47.432Z</time>
      </trkpt>
      <trkpt lat="61.5010184621962" lon="8.81457090991272">
        <ele>1167</ele>
        <time>2026-09-16T09:41:47.432Z</time>
      </trkpt>
      <trkpt lat="61.5009916873207" lon="8.81457624640552">
        <ele>1166</ele>
        <time>2026-09-16T09:41:47.432Z</time>
      </trkpt>
      <trkpt lat="61.5009827623622" lon="8.8145780252341">
        <ele>1166</ele>
        <time>2026-09-16T09:41:47.432Z</time>
      </trkpt>
      <trkpt lat="61.5009640623854" lon="8.81456290658451">
        <ele>1165</ele>
        <time>2026-09-16T09:41:47.432Z</time>
      </trkpt>
      <trkpt lat="61.5009632123234" lon="8.81454423028243">
        <ele>1165</ele>
        <time>2026-09-16T09:41:47.432Z</time>
      </trkpt>
      <trkpt lat="61.5009258123617" lon="8.81451399305966">
        <ele>1164</ele>
        <time>2026-09-16T09:41:47.432Z</time>
      </trkpt>
      <trkpt lat="61.5008892624638" lon="8.81450243216257">
        <ele>1163</ele>
        <time>2026-09-16T09:41:47.432Z</time>
      </trkpt>
      <trkpt lat="61.500817862803" lon="8.81451666286711">
        <ele>1162</ele>
        <time>2026-09-16T09:41:47.432Z</time>
      </trkpt>
      <trkpt lat="61.5007740880768" lon="8.81454423320699">
        <ele>1161</ele>
        <time>2026-09-16T09:41:47.432Z</time>
      </trkpt>
      <trkpt lat="61.5006597637259" lon="8.81460471003861">
        <ele>1159</ele>
        <time>2026-09-16T09:41:47.432Z</time>
      </trkpt>
      <trkpt lat="61.500590064144" lon="8.81465629253422">
        <ele>1157</ele>
        <time>2026-09-16T09:41:47.432Z</time>
      </trkpt>
      <trkpt lat="61.5005016645783" lon="8.81469275627069">
        <ele>1156</ele>
        <time>2026-09-16T09:41:47.432Z</time>
      </trkpt>
      <trkpt lat="61.5004472647719" lon="8.81468475280924">
        <ele>1154</ele>
        <time>2026-09-16T09:41:47.432Z</time>
      </trkpt>
      <trkpt lat="61.500400939884" lon="8.81465629464462">
        <ele>1153</ele>
        <time>2026-09-16T09:41:47.432Z</time>
      </trkpt>
      <trkpt lat="61.5003448399828" lon="8.81461093939411">
        <ele>1152</ele>
        <time>2026-09-16T09:41:47.432Z</time>
      </trkpt>
      <trkpt lat="61.500306589987" lon="8.81456202673952">
        <ele>1150</ele>
        <time>2026-09-16T09:41:47.432Z</time>
      </trkpt>
      <trkpt lat="61.5002479398624" lon="8.81446064417421">
        <ele>1148</ele>
        <time>2026-09-16T09:41:47.432Z</time>
      </trkpt>
      <trkpt lat="61.5002292398774" lon="8.81444552592783">
        <ele>1148</ele>
        <time>2026-09-16T09:41:47.432Z</time>
      </trkpt>
      <trkpt lat="61.5002194648481" lon="8.81442862888531">
        <ele>1148</ele>
        <time>2026-09-16T09:41:47.432Z</time>
      </trkpt>
      <trkpt lat="61.50020076486" lon="8.81441351067125">
        <ele>1147</ele>
        <time>2026-09-16T09:41:47.432Z</time>
      </trkpt>
      <trkpt lat="61.5001918399032" lon="8.81441528948797">
        <ele>1147</ele>
        <time>2026-09-16T09:41:47.432Z</time>
      </trkpt>
      <trkpt lat="61.5001748400622" lon="8.81443752294247">
        <ele>1147</ele>
        <time>2026-09-16T09:41:47.432Z</time>
      </trkpt>
      <trkpt lat="61.5001561400753" lon="8.81442240474315">
        <ele>1146</ele>
        <time>2026-09-16T09:41:47.432Z</time>
      </trkpt>
      <trkpt lat="61.5001285151301" lon="8.8144090653753">
        <ele>1146</ele>
        <time>2026-09-16T09:41:47.432Z</time>
      </trkpt>
      <trkpt lat="61.5001106652163" lon="8.81441262299943">
        <ele>1145</ele>
        <time>2026-09-16T09:41:47.432Z</time>
      </trkpt>
      <trkpt lat="61.5001008901838" lon="8.81439572602981">
        <ele>1145</ele>
        <time>2026-09-16T09:41:47.432Z</time>
      </trkpt>
      <trkpt lat="61.5000919652271" lon="8.81439750484424">
        <ele>1145</ele>
        <time>2026-09-16T09:41:47.432Z</time>
      </trkpt>
      <trkpt lat="61.5000911151493" lon="8.81437882907076">
        <ele>1144</ele>
        <time>2026-09-16T09:41:47.432Z</time>
      </trkpt>
      <trkpt lat="61.5000813401129" lon="8.81436193212228">
        <ele>1144</ele>
        <time>2026-09-16T09:41:47.432Z</time>
      </trkpt>
      <trkpt lat="61.5000724151568" lon="8.81436371094495">
        <ele>1144</ele>
        <time>2026-09-16T09:41:47.432Z</time>
      </trkpt>
      <trkpt lat="61.5000634902006" lon="8.81436548976644">
        <ele>1144</ele>
        <time>2026-09-16T09:41:47.432Z</time>
      </trkpt>
      <trkpt lat="61.5000099404626" lon="8.81437616267084">
        <ele>1142</ele>
        <time>2026-09-16T09:41:47.432Z</time>
      </trkpt>
      <trkpt lat="61.4999385408096" lon="8.81439039314455">
        <ele>1141</ele>
        <time>2026-09-16T09:41:47.432Z</time>
      </trkpt>
      <trkpt lat="61.4999036910558" lon="8.81441618401462">
        <ele>1140</ele>
        <time>2026-09-16T09:41:47.432Z</time>
      </trkpt>
      <trkpt lat="61.4998599163386" lon="8.81444375360887">
        <ele>1140</ele>
        <time>2026-09-16T09:41:47.432Z</time>
      </trkpt>
      <trkpt lat="61.499833141465" lon="8.81444908995392">
        <ele>1139</ele>
        <time>2026-09-16T09:41:47.432Z</time>
      </trkpt>
      <trkpt lat="61.499824216507" lon="8.81445086873326">
        <ele>1139</ele>
        <time>2026-09-16T09:41:47.432Z</time>
      </trkpt>
      <trkpt lat="61.4997787416499" lon="8.814441087024">
        <ele>1138</ele>
        <time>2026-09-16T09:41:47.432Z</time>
      </trkpt>
      <trkpt lat="61.4997332667924" lon="8.81443130533953">
        <ele>1137</ele>
        <time>2026-09-16T09:41:47.432Z</time>
      </trkpt>
      <trkpt lat="61.4996788669767" lon="8.81442330245636">
        <ele>1136</ele>
        <time>2026-09-16T09:41:47.432Z</time>
      </trkpt>
      <trkpt lat="61.4995887673299" lon="8.81442241468304">
        <ele>1134</ele>
        <time>2026-09-16T09:41:47.432Z</time>
      </trkpt>
      <trkpt lat="61.4995067425705" lon="8.81440107271201">
        <ele>1132</ele>
        <time>2026-09-16T09:41:47.432Z</time>
      </trkpt>
      <trkpt lat="61.4994060178198" lon="8.81436461301579">
        <ele>1130</ele>
        <time>2026-09-16T09:41:47.432Z</time>
      </trkpt>
      <trkpt lat="61.4993150680972" lon="8.81434505006732">
        <ele>1128</ele>
        <time>2026-09-16T09:41:47.432Z</time>
      </trkpt>
      <trkpt lat="61.4993052930619" lon="8.8143281535375">
        <ele>1128</ele>
        <time>2026-09-16T09:41:47.432Z</time>
      </trkpt>
      <trkpt lat="61.4992581180325" lon="8.81428102158489">
        <ele>1127</ele>
        <time>2026-09-16T09:41:47.432Z</time>
      </trkpt>
      <trkpt lat="61.4992296429899" lon="8.81424900743007">
        <ele>1126</ele>
        <time>2026-09-16T09:41:47.432Z</time>
      </trkpt>
      <trkpt lat="61.4991930930782" lon="8.81423744736096">
        <ele>1125</ele>
        <time>2026-09-16T09:41:47.432Z</time>
      </trkpt>
      <trkpt lat="61.4991289182076" lon="8.81421254850198">
        <ele>1117</ele>
        <time>2026-09-16T09:41:47.432Z</time>
      </trkpt>
      <trkpt lat="61.4990923682937" lon="8.81420098850651">
        <ele>1118</ele>
        <time>2026-09-16T09:41:47.432Z</time>
      </trkpt>
      <trkpt lat="61.4990736682881" lon="8.81418587093981">
        <ele>1118</ele>
        <time>2026-09-16T09:41:47.432Z</time>
      </trkpt>
      <trkpt lat="61.4990468934245" lon="8.81419120733204">
        <ele>1118</ele>
        <time>2026-09-16T09:41:47.432Z</time>
      </trkpt>
      <trkpt lat="61.4989729434931" lon="8.81414941237094">
        <ele>1120</ele>
        <time>2026-09-16T09:41:47.432Z</time>
      </trkpt>
      <trkpt lat="61.4989266185175" lon="8.81412095623321">
        <ele>1119</ele>
        <time>2026-09-16T09:41:47.432Z</time>
      </trkpt>
      <trkpt lat="61.4988705184741" lon="8.81407560395654">
        <ele>1117</ele>
        <time>2026-09-16T09:41:47.432Z</time>
      </trkpt>
      <trkpt lat="61.498833118438" lon="8.8140453691936">
        <ele>1116</ele>
        <time>2026-09-16T09:41:47.432Z</time>
      </trkpt>
      <trkpt lat="61.4988233433698" lon="8.81402847301344">
        <ele>1116</ele>
        <time>2026-09-16T09:41:47.432Z</time>
      </trkpt>
      <trkpt lat="61.4987957183959" lon="8.81401513450122">
        <ele>1115</ele>
        <time>2026-09-16T09:41:47.432Z</time>
      </trkpt>
      <trkpt lat="61.4987493933966" lon="8.81398667871222">
        <ele>1114</ele>
        <time>2026-09-16T09:41:47.432Z</time>
      </trkpt>
      <trkpt lat="61.4986941434411" lon="8.81396000184076">
        <ele>1106</ele>
        <time>2026-09-16T09:41:47.432Z</time>
      </trkpt>
      <trkpt lat="61.4986567433829" lon="8.81392976737771">
        <ele>1106</ele>
        <time>2026-09-16T09:41:47.432Z</time>
      </trkpt>
      <trkpt lat="61.4986299685306" lon="8.81393510389753">
        <ele>1106</ele>
        <time>2026-09-16T09:41:47.432Z</time>
      </trkpt>
      <trkpt lat="61.4986112685" lon="8.8139199867013">
        <ele>1106</ele>
        <time>2026-09-16T09:41:47.432Z</time>
      </trkpt>
      <trkpt lat="61.4986023435494" lon="8.81392176554185">
        <ele>1106</ele>
        <time>2026-09-16T09:41:47.432Z</time>
      </trkpt>
      <trkpt lat="61.4985657936167" lon="8.81391020604969">
        <ele>1106</ele>
        <time>2026-09-16T09:41:47.432Z</time>
      </trkpt>
      <trkpt lat="61.4985381686337" lon="8.81389686774051">
        <ele>1106</ele>
        <time>2026-09-16T09:41:47.432Z</time>
      </trkpt>
      <trkpt lat="61.498483768799" lon="8.81388886598081">
        <ele>1106</ele>
        <time>2026-09-16T09:41:47.432Z</time>
      </trkpt>
      <trkpt lat="61.4984650687645" lon="8.81387374887871">
        <ele>1105</ele>
        <time>2026-09-16T09:41:47.432Z</time>
      </trkpt>
      <trkpt lat="61.4984472188643" lon="8.8138773065635">
        <ele>1105</ele>
        <time>2026-09-16T09:41:47.432Z</time>
      </trkpt>
      <trkpt lat="61.4984293689641" lon="8.81388086424361">
        <ele>1105</ele>
        <time>2026-09-16T09:41:47.432Z</time>
      </trkpt>
      <trkpt lat="61.4983945192946" lon="8.81390665432852">
        <ele>1105</ele>
        <time>2026-09-16T09:41:47.432Z</time>
      </trkpt>
      <trkpt lat="61.4983775195215" lon="8.81392888671335">
        <ele>1104</ele>
        <time>2026-09-16T09:41:47.432Z</time>
      </trkpt>
      <trkpt lat="61.4983685945705" lon="8.81393066553406">
        <ele>1104</ele>
        <time>2026-09-16T09:41:47.432Z</time>
      </trkpt>
      <trkpt lat="61.4983596696193" lon="8.8139324443536">
        <ele>1104</ele>
        <time>2026-09-16T09:41:47.432Z</time>
      </trkpt>
      <trkpt lat="61.4983498945408" lon="8.81391554845852">
        <ele>1104</ele>
        <time>2026-09-16T09:41:47.432Z</time>
      </trkpt>
      <trkpt lat="61.4983409695899" lon="8.81391732728102">
        <ele>1104</ele>
        <time>2026-09-16T09:41:47.432Z</time>
      </trkpt>
      <trkpt lat="61.4983409695899" lon="8.81391732728102">
        <ele>1103</ele>
        <time>2026-09-16T09:41:47.432Z</time>
      </trkpt>
      <trkpt lat="61.498332044639" lon="8.81391910610234">
        <ele>1103</ele>
        <time>2026-09-16T09:41:47.432Z</time>
      </trkpt>
      <trkpt lat="61.4983061199118" lon="8.81394311724631">
        <ele>1103</ele>
        <time>2026-09-16T09:41:47.432Z</time>
      </trkpt>
      <trkpt lat="61.4982721203474" lon="8.81398758181999">
        <ele>1103</ele>
        <time>2026-09-16T09:41:47.432Z</time>
      </trkpt>
      <trkpt lat="61.4982631953952" lon="8.81398936061609">
        <ele>1102</ele>
        <time>2026-09-16T09:41:47.432Z</time>
      </trkpt>
      <trkpt lat="61.4982551205592" lon="8.81400981406984">
        <ele>1102</ele>
        <time>2026-09-16T09:41:47.432Z</time>
      </trkpt>
      <trkpt lat="61.4982283457013" lon="8.81401515043178">
        <ele>1101</ele>
        <time>2026-09-16T09:41:47.432Z</time>
      </trkpt>
      <trkpt lat="61.4982007207286" lon="8.8140018121561">
        <ele>1101</ele>
        <time>2026-09-16T09:41:47.432Z</time>
      </trkpt>
      <trkpt lat="61.4981909456594" lon="8.81398491632222">
        <ele>1100</ele>
        <time>2026-09-16T09:41:47.432Z</time>
      </trkpt>
      <trkpt lat="61.4981820207072" lon="8.81398669511309">
        <ele>1100</ele>
        <time>2026-09-16T09:41:47.432Z</time>
      </trkpt>
      <trkpt lat="61.4981633206843" lon="8.81397157808771">
        <ele>1100</ele>
        <time>2026-09-16T09:41:47.432Z</time>
      </trkpt>
      <trkpt lat="61.4981454707801" lon="8.81397513567183">
        <ele>1099</ele>
        <time>2026-09-16T09:41:47.432Z</time>
      </trkpt>
      <trkpt lat="61.4981284709927" lon="8.81399736783374">
        <ele>1099</ele>
        <time>2026-09-16T09:41:47.432Z</time>
      </trkpt>
      <trkpt lat="61.4981097709712" lon="8.81398225082604">
        <ele>1098</ele>
        <time>2026-09-16T09:41:47.432Z</time>
      </trkpt>
      <trkpt lat="61.4980447459463" lon="8.81393867870324">
        <ele>1097</ele>
        <time>2026-09-16T09:41:47.432Z</time>
      </trkpt>
      <trkpt lat="61.4980090461393" lon="8.81394579386944">
        <ele>1096</ele>
        <time>2026-09-16T09:41:47.432Z</time>
      </trkpt>
      <trkpt lat="61.4979635712582" lon="8.81393601331822">
        <ele>1095</ele>
        <time>2026-09-16T09:41:47.432Z</time>
      </trkpt>
      <trkpt lat="61.4979180963766" lon="8.81392623279181">
        <ele>1094</ele>
        <time>2026-09-16T09:41:47.432Z</time>
      </trkpt>
      <trkpt lat="61.4978645466662" lon="8.81393690549928">
        <ele>1093</ele>
        <time>2026-09-16T09:41:47.432Z</time>
      </trkpt>
      <trkpt lat="61.4977850722155" lon="8.8139715888573">
        <ele>1091</ele>
        <time>2026-09-16T09:41:47.432Z</time>
      </trkpt>
      <trkpt lat="61.497749372405" lon="8.81397870390898">
        <ele>1090</ele>
        <time>2026-09-16T09:41:47.432Z</time>
      </trkpt>
      <trkpt lat="61.4976958226879" lon="8.81398937645142">
        <ele>1089</ele>
        <time>2026-09-16T09:41:47.432Z</time>
      </trkpt>
      <trkpt lat="61.4976601228757" lon="8.81399649145632">
        <ele>1088</ele>
        <time>2026-09-16T09:41:47.432Z</time>
      </trkpt>
      <trkpt lat="61.4976074232651" lon="8.8140258381998">
        <ele>1087</ele>
        <time>2026-09-16T09:41:47.432Z</time>
      </trkpt>
      <trkpt lat="61.497546648794" lon="8.81407563779914">
        <ele>1086</ele>
        <time>2026-09-16T09:41:47.432Z</time>
      </trkpt>
      <trkpt lat="61.4974947992574" lon="8.81412365849821">
        <ele>1086</ele>
        <time>2026-09-16T09:41:47.432Z</time>
      </trkpt>
      <trkpt lat="61.4974858743018" lon="8.81412543719786">
        <ele>1086</ele>
        <time>2026-09-16T09:41:47.432Z</time>
      </trkpt>
      <trkpt lat="61.4974671742969" lon="8.81411032040236">
        <ele>1085</ele>
        <time>2026-09-16T09:41:47.432Z</time>
      </trkpt>
      <trkpt lat="61.4974403994308" lon="8.81411565650315">
        <ele>1084</ele>
        <time>2026-09-16T09:41:47.432Z</time>
      </trkpt>
      <trkpt lat="61.497411924373" lon="8.81408364427776">
        <ele>1084</ele>
        <time>2026-09-16T09:41:47.432Z</time>
      </trkpt>
      <trkpt lat="61.4973940744631" lon="8.81408720168656">
        <ele>1083</ele>
        <time>2026-09-16T09:41:47.432Z</time>
      </trkpt>
      <trkpt lat="61.4973940744631" lon="8.81408720168656">
        <ele>1083</ele>
        <time>2026-09-16T09:41:47.432Z</time>
      </trkpt>
      <trkpt lat="61.497385149508" lon="8.81408898038921">
        <ele>1083</ele>
        <time>2026-09-16T09:41:47.432Z</time>
      </trkpt>
      <trkpt lat="61.4973592247377" lon="8.81411299061567">
        <ele>1083</ele>
        <time>2026-09-16T09:41:47.432Z</time>
      </trkpt>
      <trkpt lat="61.497316300139" lon="8.81415923226912">
        <ele>1082</ele>
        <time>2026-09-16T09:41:47.432Z</time>
      </trkpt>
      <trkpt lat="61.4972449004869" lon="8.81417346164652">
        <ele>1081</ele>
        <time>2026-09-16T09:41:47.432Z</time>
      </trkpt>
      <trkpt lat="61.4972100507419" lon="8.81419925034633">
        <ele>1080</ele>
        <time>2026-09-16T09:41:47.432Z</time>
      </trkpt>
      <trkpt lat="61.4971654259557" lon="8.81420814361938">
        <ele>1079</ele>
        <time>2026-09-16T09:41:47.432Z</time>
      </trkpt>
      <trkpt lat="61.497146725961" lon="8.81419302691824">
        <ele>1079</ele>
        <time>2026-09-16T09:41:47.432Z</time>
      </trkpt>
      <trkpt lat="61.497110176051" lon="8.81418146754756">
        <ele>1078</ele>
        <time>2026-09-16T09:41:47.432Z</time>
      </trkpt>
      <trkpt lat="61.4970557762265" lon="8.81417346551099">
        <ele>1076</ele>
        <time>2026-09-16T09:41:47.432Z</time>
      </trkpt>
      <trkpt lat="61.4970005263167" lon="8.81414678958399">
        <ele>1075</ele>
        <time>2026-09-16T09:41:47.432Z</time>
      </trkpt>
      <trkpt lat="61.4969639764039" lon="8.81413523031229">
        <ele>1074</ele>
        <time>2026-09-16T09:41:47.432Z</time>
      </trkpt>
      <trkpt lat="61.4969274264904" lon="8.81412367106534">
        <ele>1073</ele>
        <time>2026-09-16T09:41:47.432Z</time>
      </trkpt>
      <trkpt lat="61.4968900264847" lon="8.81409343799831">
        <ele>1072</ele>
        <time>2026-09-16T09:41:47.432Z</time>
      </trkpt>
      <trkpt lat="61.4968811015289" lon="8.8140952166619">
        <ele>1071</ele>
        <time>2026-09-16T09:41:47.432Z</time>
      </trkpt>
      <trkpt lat="61.4968534765685" lon="8.81408187882316">
        <ele>1071</ele>
        <time>2026-09-16T09:41:47.432Z</time>
      </trkpt>
      <trkpt lat="61.4968347765624" lon="8.81406676233962">
        <ele>1070</ele>
        <time>2026-09-16T09:41:47.432Z</time>
      </trkpt>
      <trkpt lat="61.4968088517898" lon="8.81409077213248">
        <ele>1069</ele>
        <time>2026-09-16T09:41:47.432Z</time>
      </trkpt>
      <trkpt lat="61.496773151966" lon="8.81409788675889">
        <ele>1069</ele>
        <time>2026-09-16T09:41:47.432Z</time>
      </trkpt>
      <trkpt lat="61.4967463770978" lon="8.81410322271642">
        <ele>1068</ele>
        <time>2026-09-16T09:41:47.432Z</time>
      </trkpt>
      <trkpt lat="61.4967276770945" lon="8.81408810626825">
        <ele>1067</ele>
        <time>2026-09-16T09:41:47.432Z</time>
      </trkpt>
      <trkpt lat="61.4967098271826" lon="8.81409166357331">
        <ele>1067</ele>
        <time>2026-09-16T09:41:47.432Z</time>
      </trkpt>
      <trkpt lat="61.4966919772705" lon="8.81409522087371">
        <ele>1067</ele>
        <time>2026-09-16T09:41:47.432Z</time>
      </trkpt>
      <trkpt lat="61.4966660524908" lon="8.81411923052586">
        <ele>1066</ele>
        <time>2026-09-16T09:41:47.432Z</time>
      </trkpt>
      <trkpt lat="61.4966303526644" lon="8.81412634507744">
        <ele>1066</ele>
        <time>2026-09-16T09:41:47.432Z</time>
      </trkpt>
      <trkpt lat="61.4965955029209" lon="8.81415213327953">
        <ele>1066</ele>
        <time>2026-09-16T09:41:47.432Z</time>
      </trkpt>
      <trkpt lat="61.4965687280493" lon="8.81415746915105">
        <ele>1065</ele>
        <time>2026-09-16T09:41:47.432Z</time>
      </trkpt>
      <trkpt lat="61.4965411030955" lon="8.81414413137452">
        <ele>1064</ele>
        <time>2026-09-16T09:41:47.432Z</time>
      </trkpt>
      <trkpt lat="61.496514328224" lon="8.81414946724084">
        <ele>1064</ele>
        <time>2026-09-16T09:41:47.432Z</time>
      </trkpt>
      <trkpt lat="61.4964875533521" lon="8.81415480309664">
        <ele>1063</ele>
        <time>2026-09-16T09:41:47.432Z</time>
      </trkpt>
      <trkpt lat="61.4964777783126" lon="8.81413790811356">
        <ele>1063</ele>
        <time>2026-09-16T09:41:47.432Z</time>
      </trkpt>
      <trkpt lat="61.4964599283984" lon="8.81414146535315">
        <ele>1062</ele>
        <time>2026-09-16T09:41:47.432Z</time>
      </trkpt>
      <trkpt lat="61.4964323034436" lon="8.81412812763201">
        <ele>1061</ele>
        <time>2026-09-16T09:41:47.432Z</time>
      </trkpt>
      <trkpt lat="61.4964055285725" lon="8.81413346348795">
        <ele>1061</ele>
        <time>2026-09-16T09:41:47.432Z</time>
      </trkpt>
      <trkpt lat="61.4963868285742" lon="8.81411834717524">
        <ele>1060</ele>
        <time>2026-09-16T09:41:47.432Z</time>
      </trkpt>
      <trkpt lat="61.4963511287463" lon="8.81412546164525">
        <ele>1059</ele>
        <time>2026-09-16T09:41:47.432Z</time>
      </trkpt>
      <trkpt lat="61.4963235037906" lon="8.81411212397949">
        <ele>1058</ele>
        <time>2026-09-16T09:41:47.432Z</time>
      </trkpt>
      <trkpt lat="61.4962780289205" lon="8.81410234357119">
        <ele>1056</ele>
        <time>2026-09-16T09:41:47.432Z</time>
      </trkpt>
      <trkpt lat="61.4962504039631" lon="8.81408900595371">
        <ele>1055</ele>
        <time>2026-09-16T09:41:47.432Z</time>
      </trkpt>
      <trkpt lat="61.496231703961" lon="8.81407388973806">
        <ele>1054</ele>
        <time>2026-09-16T09:41:47.432Z</time>
      </trkpt>
      <trkpt lat="61.4962040790013" lon="8.81406055216351">
        <ele>1053</ele>
        <time>2026-09-16T09:41:47.432Z</time>
      </trkpt>
      <trkpt lat="61.4962040790013" lon="8.81406055216351">
        <ele>1053</ele>
        <time>2026-09-16T09:41:47.432Z</time>
      </trkpt>
      <trkpt lat="61.4961951540451" lon="8.81406233078581">
        <ele>1053</ele>
        <time>2026-09-16T09:41:47.432Z</time>
      </trkpt>
      <trkpt lat="61.4961943039524" lon="8.81404365735966">
        <ele>1053</ele>
        <time>2026-09-16T09:41:47.432Z</time>
      </trkpt>
      <trkpt lat="61.4961756039459" lon="8.81402854119692">
        <ele>1052</ele>
        <time>2026-09-16T09:41:47.432Z</time>
      </trkpt>
      <trkpt lat="61.4961747538487" lon="8.81400986778368">
        <ele>1052</ele>
        <time>2026-09-16T09:41:47.432Z</time>
      </trkpt>
      <trkpt lat="61.4961560538388" lon="8.81399475165031">
        <ele>1051</ele>
        <time>2026-09-16T09:41:47.432Z</time>
      </trkpt>
      <trkpt lat="61.4961471288837" lon="8.8139965302879">
        <ele>1051</ele>
        <time>2026-09-16T09:41:47.432Z</time>
      </trkpt>
      <trkpt lat="61.4961284288726" lon="8.81398141417511">
        <ele>1050</ele>
        <time>2026-09-16T09:41:47.432Z</time>
      </trkpt>
      <trkpt lat="61.4961088787549" lon="8.81394762470839">
        <ele>1049</ele>
        <time>2026-09-16T09:41:47.432Z</time>
      </trkpt>
      <trkpt lat="61.4960795535635" lon="8.81389694058759">
        <ele>1048</ele>
        <time>2026-09-16T09:41:47.432Z</time>
      </trkpt>
      <trkpt lat="61.4960413034017" lon="8.81384803523423">
        <ele>1046</ele>
        <time>2026-09-16T09:41:47.432Z</time>
      </trkpt>
      <trkpt lat="61.4960226033759" lon="8.81383291925951">
        <ele>1045</ele>
        <time>2026-09-16T09:41:47.432Z</time>
      </trkpt>
      <trkpt lat="61.4959941282719" lon="8.81380090868183">
        <ele>1045</ele>
        <time>2026-09-16T09:41:47.432Z</time>
      </trkpt>
      <trkpt lat="61.4959852033199" lon="8.81380268736297">
        <ele>1044</ele>
        <time>2026-09-16T09:41:47.432Z</time>
      </trkpt>
      <trkpt lat="61.4959673534156" lon="8.81380624472174">
        <ele>1044</ele>
        <time>2026-09-16T09:41:47.432Z</time>
      </trkpt>
      <trkpt lat="61.4959495035113" lon="8.81380980207584">
        <ele>1043</ele>
        <time>2026-09-16T09:41:47.432Z</time>
      </trkpt>
      <trkpt lat="61.4959495035113" lon="8.81380980207584">
        <ele>1043</ele>
        <time>2026-09-16T09:41:47.432Z</time>
      </trkpt>
      <trkpt lat="61.4959388783063" lon="8.81377423422284">
        <ele>1043</ele>
        <time>2026-09-16T09:41:47.432Z</time>
      </trkpt>
      <trkpt lat="61.4959104031902" lon="8.8137422237815">
        <ele>1042</ele>
        <time>2026-09-16T09:41:47.432Z</time>
      </trkpt>
      <trkpt lat="61.4959006281051" lon="8.81372532923435">
        <ele>1042</ele>
        <time>2026-09-16T09:41:47.432Z</time>
      </trkpt>
      <trkpt lat="61.4958819280673" lon="8.81371021339774">
        <ele>1041</ele>
        <time>2026-09-16T09:41:47.432Z</time>
      </trkpt>
      <trkpt lat="61.4958632280281" lon="8.81369509757879">
        <ele>1041</ele>
        <time>2026-09-16T09:41:47.432Z</time>
      </trkpt>
      <trkpt lat="61.4958453781272" lon="8.81369865498115">
        <ele>1040</ele>
        <time>2026-09-16T09:41:47.432Z</time>
      </trkpt>
      <trkpt lat="61.4958096783249" lon="8.81370576977184">
        <ele>1039</ele>
        <time>2026-09-16T09:41:47.432Z</time>
      </trkpt>
      <trkpt lat="61.4957820533351" lon="8.81369243268588">
        <ele>1039</ele>
        <time>2026-09-16T09:41:47.432Z</time>
      </trkpt>
      <trkpt lat="61.4957642034341" lon="8.81369599007776">
        <ele>1038</ele>
        <time>2026-09-16T09:41:47.432Z</time>
      </trkpt>
      <trkpt lat="61.4957357283026" lon="8.81366397987979">
        <ele>1037</ele>
        <time>2026-09-16T09:41:47.432Z</time>
      </trkpt>
      <trkpt lat="61.4957170282594" lon="8.81364886415493">
        <ele>1036</ele>
        <time>2026-09-16T09:41:47.432Z</time>
      </trkpt>
      <trkpt lat="61.4956974780673" lon="8.81361507533442">
        <ele>1036</ele>
        <time>2026-09-16T09:41:47.432Z</time>
      </trkpt>
      <trkpt lat="61.4956787780193" lon="8.81359995965656">
        <ele>1035</ele>
        <time>2026-09-16T09:41:47.432Z</time>
      </trkpt>
      <trkpt lat="61.4956600779698" lon="8.81358484399634">
        <ele>1034</ele>
        <time>2026-09-16T09:41:47.432Z</time>
      </trkpt>
      <trkpt lat="61.4956413779188" lon="8.81356972835375">
        <ele>1034</ele>
        <time>2026-09-16T09:41:47.432Z</time>
      </trkpt>
      <trkpt lat="61.495613752918" lon="8.81355639145301">
        <ele>1033</ele>
        <time>2026-09-16T09:41:47.432Z</time>
      </trkpt>
      <trkpt lat="61.495613752918" lon="8.81355639145301">
        <ele>1033</ele>
        <time>2026-09-16T09:41:47.432Z</time>
      </trkpt>
      <trkpt lat="61.4956048279696" lon="8.81355817017606">
        <ele>1033</ele>
        <time>2026-09-16T09:41:47.432Z</time>
      </trkpt>
      <trkpt lat="61.4956039778125" lon="8.81353949712147">
        <ele>1032</ele>
        <time>2026-09-16T09:41:47.432Z</time>
      </trkpt>
      <trkpt lat="61.4955950528644" lon="8.81354127584863">
        <ele>1032</ele>
        <time>2026-09-16T09:41:47.432Z</time>
      </trkpt>
      <trkpt lat="61.4955950528644" lon="8.81354127584863">
        <ele>1032</ele>
        <time>2026-09-16T09:41:47.432Z</time>
      </trkpt>
      <trkpt lat="61.4955852777572" lon="8.81352438153178">
        <ele>1032</ele>
        <time>2026-09-16T09:41:47.432Z</time>
      </trkpt>
      <trkpt lat="61.4955665777004" lon="8.81350926595972">
        <ele>1031</ele>
        <time>2026-09-16T09:41:47.432Z</time>
      </trkpt>
      <trkpt lat="61.4955665777004" lon="8.81350926595972">
        <ele>1031</ele>
        <time>2026-09-16T09:41:47.432Z</time>
      </trkpt>
      <trkpt lat="61.4955568025896" lon="8.81349237166812">
        <ele>1030</ele>
        <time>2026-09-16T09:41:47.432Z</time>
      </trkpt>
      <trkpt lat="61.4955478776421" lon="8.8134941504053">
        <ele>1030</ele>
        <time>2026-09-16T09:41:47.432Z</time>
      </trkpt>
      <trkpt lat="61.4955381025296" lon="8.81347725612838">
        <ele>1030</ele>
        <time>2026-09-16T09:41:47.432Z</time>
      </trkpt>
      <trkpt lat="61.4955291775824" lon="8.8134790348685">
        <ele>1030</ele>
        <time>2026-09-16T09:41:47.432Z</time>
      </trkpt>
      <trkpt lat="61.4955283274151" lon="8.81346036186204">
        <ele>1029</ele>
        <time>2026-09-16T09:41:47.432Z</time>
      </trkpt>
      <trkpt lat="61.4955185522987" lon="8.81344346760627">
        <ele>1029</ele>
        <time>2026-09-16T09:41:47.432Z</time>
      </trkpt>
      <trkpt lat="61.4955177021266" lon="8.81342479460744">
        <ele>1029</ele>
        <time>2026-09-16T09:41:47.432Z</time>
      </trkpt>
      <trkpt lat="61.4955168519519" lon="8.81340612160978">
        <ele>1029</ele>
        <time>2026-09-16T09:41:47.432Z</time>
      </trkpt>
      <trkpt lat="61.495507076829" lon="8.81338922737748">
        <ele>1028</ele>
        <time>2026-09-16T09:41:47.432Z</time>
      </trkpt>
      <trkpt lat="61.4955062266496" lon="8.81337055438744">
        <ele>1028</ele>
        <time>2026-09-16T09:41:47.432Z</time>
      </trkpt>
      <trkpt lat="61.4954973017042" lon="8.81337233315576">
        <ele>1028</ele>
        <time>2026-09-16T09:41:47.432Z</time>
      </trkpt>
      <trkpt lat="61.4954973017042" lon="8.81337233315576">
        <ele>1027</ele>
        <time>2026-09-16T09:41:47.432Z</time>
      </trkpt>
      <trkpt lat="61.4954875265774" lon="8.81335543894461">
        <ele>1027</ele>
        <time>2026-09-16T09:41:47.432Z</time>
      </trkpt>
      <trkpt lat="61.495469676687" lon="8.81335899648597">
        <ele>1027</ele>
        <time>2026-09-16T09:41:47.432Z</time>
      </trkpt>
      <trkpt lat="61.495442901851" lon="8.81336433278925">
        <ele>1026</ele>
        <time>2026-09-16T09:41:47.432Z</time>
      </trkpt>
      <trkpt lat="61.4954250519602" lon="8.81336789031892">
        <ele>1026</ele>
        <time>2026-09-16T09:41:47.432Z</time>
      </trkpt>
      <trkpt lat="61.4953991273018" lon="8.8133918995301">
        <ele>1025</ele>
        <time>2026-09-16T09:41:47.432Z</time>
      </trkpt>
      <trkpt lat="61.495389352178" lon="8.81337500536423">
        <ele>1025</ele>
        <time>2026-09-16T09:41:47.432Z</time>
      </trkpt>
      <trkpt lat="61.4953804272323" lon="8.81337678412263">
        <ele>1025</ele>
        <time>2026-09-16T09:41:47.432Z</time>
      </trkpt>
      <trkpt lat="61.4953804272323" lon="8.81337678412263">
        <ele>1025</ele>
        <time>2026-09-16T09:41:47.432Z</time>
      </trkpt>
      <trkpt lat="61.4953706521068" lon="8.81335988997144">
        <ele>1024</ele>
        <time>2026-09-16T09:41:47.432Z</time>
      </trkpt>
      <trkpt lat="61.4953617271614" lon="8.81336166873279">
        <ele>1024</ele>
        <time>2026-09-16T09:41:47.432Z</time>
      </trkpt>
      <trkpt lat="61.4953519520342" lon="8.81334477459628">
        <ele>1024</ele>
        <time>2026-09-16T09:41:47.432Z</time>
      </trkpt>
      <trkpt lat="61.495343027089" lon="8.81334655336058">
        <ele>1023</ele>
        <time>2026-09-16T09:41:47.432Z</time>
      </trkpt>
      <trkpt lat="61.4953332519601" lon="8.81332965923876">
        <ele>1023</ele>
        <time>2026-09-16T09:41:47.432Z</time>
      </trkpt>
      <trkpt lat="61.4953234768293" lon="8.81331276512751">
        <ele>1023</ele>
        <time>2026-09-16T09:41:47.432Z</time>
      </trkpt>
      <trkpt lat="61.4953137016965" lon="8.81329587102683">
        <ele>1022</ele>
        <time>2026-09-16T09:41:47.432Z</time>
      </trkpt>
      <trkpt lat="61.4952958518076" lon="8.8132994285766">
        <ele>1022</ele>
        <time>2026-09-16T09:41:47.432Z</time>
      </trkpt>
      <trkpt lat="61.4952860766734" lon="8.81328253449473">
        <ele>1021</ele>
        <time>2026-09-16T09:41:47.432Z</time>
      </trkpt>
      <trkpt lat="61.4952771517292" lon="8.81328431327197">
        <ele>1021</ele>
        <time>2026-09-16T09:41:47.432Z</time>
      </trkpt>
      <trkpt lat="61.4952576014553" lon="8.81325052514816">
        <ele>1020</ele>
        <time>2026-09-16T09:41:47.432Z</time>
      </trkpt>
      <trkpt lat="61.4952478263155" lon="8.81323363110211">
        <ele>1019</ele>
        <time>2026-09-16T09:41:47.432Z</time>
      </trkpt>
      <trkpt lat="61.4952380511737" lon="8.81321673706662">
        <ele>1019</ele>
        <time>2026-09-16T09:41:47.432Z</time>
      </trkpt>
      <trkpt lat="61.4952202012873" lon="8.81322029465055">
        <ele>1018</ele>
        <time>2026-09-16T09:41:47.432Z</time>
      </trkpt>
      <trkpt lat="61.4952104261441" lon="8.81320340063386">
        <ele>1018</ele>
        <time>2026-09-16T09:41:47.432Z</time>
      </trkpt>
      <trkpt lat="61.4951917260562" lon="8.81318828542619">
        <ele>1017</ele>
        <time>2026-09-16T09:41:47.432Z</time>
      </trkpt>
      <trkpt lat="61.4951721757605" lon="8.81315449745391">
        <ele>1016</ele>
        <time>2026-09-16T09:41:47.432Z</time>
      </trkpt>
      <trkpt lat="61.4951632508182" lon="8.81315627625941">
        <ele>1016</ele>
        <time>2026-09-16T09:41:47.432Z</time>
      </trkpt>
      <trkpt lat="61.495154325876" lon="8.81315805506374">
        <ele>1016</ele>
        <time>2026-09-16T09:41:47.432Z</time>
      </trkpt>
      <trkpt lat="61.4951454009337" lon="8.81315983386689">
        <ele>1015</ele>
        <time>2026-09-16T09:41:47.432Z</time>
      </trkpt>
      <trkpt lat="61.4951445507257" lon="8.81314116110168">
        <ele>1015</ele>
        <time>2026-09-16T09:41:47.432Z</time>
      </trkpt>
      <trkpt lat="61.4951347755735" lon="8.81312426715019">
        <ele>1015</ele>
        <time>2026-09-16T09:41:47.432Z</time>
      </trkpt>
      <trkpt lat="61.4951339253608" lon="8.8131055943926">
        <ele>1014</ele>
        <time>2026-09-16T09:41:47.432Z</time>
      </trkpt>
      <trkpt lat="61.4951241502043" lon="8.81308870045814">
        <ele>1013</ele>
        <time>2026-09-16T09:41:47.432Z</time>
      </trkpt>
      <trkpt lat="61.4951232999868" lon="8.81307002770818">
        <ele>1013</ele>
        <time>2026-09-16T09:41:47.432Z</time>
      </trkpt>
      <trkpt lat="61.4951232999868" lon="8.81307002770818">
        <ele>1013</ele>
        <time>2026-09-16T09:41:47.432Z</time>
      </trkpt>
      <trkpt lat="61.495114375046" lon="8.81307180653425">
        <ele>1013</ele>
        <time>2026-09-16T09:41:47.432Z</time>
      </trkpt>
      <trkpt lat="61.4950965251641" lon="8.81307536418289">
        <ele>1012</ele>
        <time>2026-09-16T09:41:47.432Z</time>
      </trkpt>
      <trkpt lat="61.4950599751821" lon="8.81306380675435">
        <ele>1011</ele>
        <time>2026-09-16T09:41:47.432Z</time>
      </trkpt>
      <trkpt lat="61.4950404248583" lon="8.81303001900057">
        <ele>1011</ele>
        <time>2026-09-16T09:41:47.432Z</time>
      </trkpt>
      <trkpt lat="61.4950127998133" lon="8.81301668280942">
        <ele>1010</ele>
        <time>2026-09-16T09:41:47.432Z</time>
      </trkpt>
      <trkpt lat="61.4950038748732" lon="8.8130184616426">
        <ele>1010</ele>
        <time>2026-09-16T09:41:47.432Z</time>
      </trkpt>
      <trkpt lat="61.4949762498275" lon="8.81300512547557">
        <ele>1009</ele>
        <time>2026-09-16T09:41:47.432Z</time>
      </trkpt>
      <trkpt lat="61.4949388496118" lon="8.81297489553038">
        <ele>1008</ele>
        <time>2026-09-16T09:41:47.432Z</time>
      </trkpt>
      <trkpt lat="61.4949201495018" lon="8.81295978058424">
        <ele>1008</ele>
        <time>2026-09-16T09:41:47.432Z</time>
      </trkpt>
      <trkpt lat="61.4948908239784" lon="8.81290909929016">
        <ele>1007</ele>
        <time>2026-09-16T09:41:47.432Z</time>
      </trkpt>
      <trkpt lat="61.4948801985575" lon="8.81287353294925">
        <ele>1006</ele>
        <time>2026-09-16T09:41:47.432Z</time>
      </trkpt>
      <trkpt lat="61.4948695731276" lon="8.81283796663299">
        <ele>1006</ele>
        <time>2026-09-16T09:41:47.432Z</time>
      </trkpt>
      <trkpt lat="61.4948606481904" lon="8.81283974550677">
        <ele>1005</ele>
        <time>2026-09-16T09:41:47.432Z</time>
      </trkpt>
      <trkpt lat="61.4948419480668" lon="8.8128246306781">
        <ele>1005</ele>
        <time>2026-09-16T09:41:47.432Z</time>
      </trkpt>
      <trkpt lat="61.4948232479418" lon="8.81280951586706">
        <ele>1004</ele>
        <time>2026-09-16T09:41:47.432Z</time>
      </trkpt>
      <trkpt lat="61.4948126224963" lon="8.81277394963769">
        <ele>1004</ele>
        <time>2026-09-16T09:41:47.432Z</time>
      </trkpt>
      <trkpt lat="61.4947913715784" lon="8.8127028172529">
        <ele>1003</ele>
        <time>2026-09-16T09:41:47.432Z</time>
      </trkpt>
      <trkpt lat="61.4947611956907" lon="8.8126334638922">
        <ele>1001</ele>
        <time>2026-09-16T09:41:47.432Z</time>
      </trkpt>
      <trkpt lat="61.4947416452675" lon="8.8125996767292">
        <ele>1001</ele>
        <time>2026-09-16T09:41:47.432Z</time>
      </trkpt>
      <trkpt lat="61.494731870053" lon="8.81258278316356">
        <ele>1000</ele>
        <time>2026-09-16T09:41:47.432Z</time>
      </trkpt>
      <trkpt lat="61.4947050952534" lon="8.81258811997008">
        <ele>1000</ele>
        <time>2026-09-16T09:41:47.432Z</time>
      </trkpt>
      <trkpt lat="61.4946613208653" lon="8.81261568708016">
        <ele>999</ele>
        <time>2026-09-16T09:41:47.432Z</time>
      </trkpt>
      <trkpt lat="61.494645171546" lon="8.81265658981729">
        <ele>999</ele>
        <time>2026-09-16T09:41:47.432Z</time>
      </trkpt>
      <trkpt lat="61.4946370968816" lon="8.81267704117">
        <ele>999</ele>
        <time>2026-09-16T09:41:47.432Z</time>
      </trkpt>
      <trkpt lat="61.4946298724785" lon="8.81271616495278">
        <ele>999</ele>
        <time>2026-09-16T09:41:47.432Z</time>
      </trkpt>
      <trkpt lat="61.494609049446" lon="8.81285220862831">
        <ele>1000</ele>
        <time>2026-09-16T09:41:47.432Z</time>
      </trkpt>
      <trkpt lat="61.4945882262751" lon="8.81298825212864">
        <ele>1001</ele>
        <time>2026-09-16T09:41:47.432Z</time>
      </trkpt>
      <trkpt lat="61.4945729270587" lon="8.81304782699855">
        <ele>1001</ele>
        <time>2026-09-16T09:41:47.432Z</time>
      </trkpt>
      <trkpt lat="61.4945461522349" lon="8.81305316337026">
        <ele>1001</ele>
        <time>2026-09-16T09:41:47.432Z</time>
      </trkpt>
      <trkpt lat="61.4945104524694" lon="8.81306027851618">
        <ele>999</ele>
        <time>2026-09-16T09:41:47.432Z</time>
      </trkpt>
      <trkpt lat="61.4944148287347" lon="8.81313586204733">
        <ele>998</ele>
        <time>2026-09-16T09:41:47.432Z</time>
      </trkpt>
      <trkpt lat="61.4943914546984" lon="8.8132158875631">
        <ele>998</ele>
        <time>2026-09-16T09:41:47.432Z</time>
      </trkpt>
      <trkpt lat="61.4943672304303" lon="8.81327724065595">
        <ele>998</ele>
        <time>2026-09-16T09:41:47.432Z</time>
      </trkpt>
      <trkpt lat="61.4943519310795" lon="8.81333681496105">
        <ele>998</ele>
        <time>2026-09-16T09:41:47.432Z</time>
      </trkpt>
      <trkpt lat="61.494318781807" lon="8.8133999465563">
        <ele>998</ele>
        <time>2026-09-16T09:41:47.432Z</time>
      </trkpt>
      <trkpt lat="61.494294557452" lon="8.81346129936378">
        <ele>998</ele>
        <time>2026-09-16T09:41:47.432Z</time>
      </trkpt>
      <trkpt lat="61.4942703330679" lon="8.81352265207614">
        <ele>998</ele>
        <time>2026-09-16T09:41:47.432Z</time>
      </trkpt>
      <trkpt lat="61.4942461086549" lon="8.81358400469338">
        <ele>998</ele>
        <time>2026-09-16T09:41:47.432Z</time>
      </trkpt>
      <trkpt lat="61.4942218842129" lon="8.8136453572155">
        <ele>998</ele>
        <time>2026-09-16T09:41:47.432Z</time>
      </trkpt>
      <trkpt lat="61.4941976597419" lon="8.81370670964249">
        <ele>998</ele>
        <time>2026-09-16T09:41:47.432Z</time>
      </trkpt>
      <trkpt lat="61.4941806599586" lon="8.8137289389992">
        <ele>998</ele>
        <time>2026-09-16T09:41:47.432Z</time>
      </trkpt>
      <trkpt lat="61.4941645102881" lon="8.8137698405303">
        <ele>998</ele>
        <time>2026-09-16T09:41:47.432Z</time>
      </trkpt>
      <trkpt lat="61.494097361188" lon="8.81387742973709">
        <ele>998</ele>
        <time>2026-09-16T09:41:47.432Z</time>
      </trkpt>
      <trkpt lat="61.4940820615634" lon="8.81393700323706">
        <ele>998</ele>
        <time>2026-09-16T09:41:47.432Z</time>
      </trkpt>
      <trkpt lat="61.4940399870381" lon="8.81400191212377">
        <ele>999</ele>
        <time>2026-09-16T09:41:47.432Z</time>
      </trkpt>
      <trkpt lat="61.4940157623975" lon="8.81406326391493">
        <ele>999</ele>
        <time>2026-09-16T09:41:47.432Z</time>
      </trkpt>
      <trkpt lat="61.4939906876613" lon="8.81410594350302">
        <ele>999</ele>
        <time>2026-09-16T09:41:47.432Z</time>
      </trkpt>
      <trkpt lat="61.4939486130496" lon="8.81417085196773">
        <ele>998</ele>
        <time>2026-09-16T09:41:47.432Z</time>
      </trkpt>
      <trkpt lat="61.4939243883286" lon="8.81423220344714">
        <ele>998</ele>
        <time>2026-09-16T09:41:47.432Z</time>
      </trkpt>
      <trkpt lat="61.4938903885729" lon="8.81427666116281">
        <ele>998</ele>
        <time>2026-09-16T09:41:47.432Z</time>
      </trkpt>
      <trkpt lat="61.4938572388376" lon="8.81433979081497">
        <ele>999</ele>
        <time>2026-09-16T09:41:47.432Z</time>
      </trkpt>
      <trkpt lat="61.4938240890711" lon="8.81440292033212">
        <ele>999</ele>
        <time>2026-09-16T09:41:47.432Z</time>
      </trkpt>
      <trkpt lat="61.493790089255" lon="8.81444737771444">
        <ele>999</ele>
        <time>2026-09-16T09:41:47.432Z</time>
      </trkpt>
      <trkpt lat="61.4937577894447" lon="8.81452917896138">
        <ele>999</ele>
        <time>2026-09-16T09:41:47.432Z</time>
      </trkpt>
      <trkpt lat="61.4937237895841" lon="8.81457363610894">
        <ele>999</ele>
        <time>2026-09-16T09:41:47.432Z</time>
      </trkpt>
      <trkpt lat="61.4936897897077" lon="8.81461809315793">
        <ele>999</ele>
        <time>2026-09-16T09:41:47.432Z</time>
      </trkpt>
      <trkpt lat="61.4936396398479" lon="8.81470345046412">
        <ele>999</ele>
        <time>2026-09-16T09:41:47.432Z</time>
      </trkpt>
    </trkseg>
  </trk>
</gpx>